Season,Tm,Team,ORtg,eFG,
1976-77,ATL,Atlanta Hawks,97.8,45.7,
1977-78,ATL,Atlanta Hawks,99.7,46,
1978-79,ATL,Atlanta Hawks,105.6,47.3,
1979-80,ATL,Atlanta Hawks,105.2,46.5,
1980-81,ATL,Atlanta Hawks,104.3,48,
1981-82,ATL,Atlanta Hawks,105.1,47.6,
1982-83,ATL,Atlanta Hawks,102.2,47.2,
1983-84,ATL,Atlanta Hawks,105.5,47.6,
1984-85,ATL,Atlanta Hawks,105.9,48.9,
1985-86,ATL,Atlanta Hawks,107.9,49.3,
1986-87,ATL,Atlanta Hawks,112.6,49,
1987-88,ATL,Atlanta Hawks,111.3,49.1,
1988-89,ATL,Atlanta Hawks,112.2,48,
1989-90,ATL,Atlanta Hawks,113,49.6,
1990-91,ATL,Atlanta Hawks,110.9,48.2,
1991-92,ATL,Atlanta Hawks,107.3,48.1,
1992-93,ATL,Atlanta Hawks,109.3,49.3,
1993-94,ATL,Atlanta Hawks,107.2,48,
1994-95,ATL,Atlanta Hawks,106.6,48.7,
1995-96,ATL,Atlanta Hawks,109.4,49,
1996-97,ATL,Atlanta Hawks,108.5,49.8,
1997-98,ATL,Atlanta Hawks,108.2,48.1,
1998-99,ATL,Atlanta Hawks,100.5,43.6,
1999-00,ATL,Atlanta Hawks,102,46,
2000-01,ATL,Atlanta Hawks,98.7,45.6,
2001-02,ATL,Atlanta Hawks,101.8,47.1,
2002-03,ATL,Atlanta Hawks,102.3,47.6,
2003-04,ATL,Atlanta Hawks,101,46.5,
2004-05,ATL,Atlanta Hawks,100.6,46.4,
2005-06,ATL,Atlanta Hawks,106.4,48.6,
2006-07,ATL,Atlanta Hawks,103,47.1,
2007-08,ATL,Atlanta Hawks,106.9,48.3,
2008-09,ATL,Atlanta Hawks,109.3,50.4,
2009-10,ATL,Atlanta Hawks,111.9,50.6,
2010-11,ATL,Atlanta Hawks,106.1,50.1,
2011-12,ATL,Atlanta Hawks,104.9,50,
2012-13,ATL,Atlanta Hawks,104.8,51.7,
2013-14,ATL,Atlanta Hawks,105.9,51.5,
2014-15,ATL,Atlanta Hawks,108.9,52.7,
2015-16,ATL,Atlanta Hawks,105.1,51.6,
2016-17,ATL,Atlanta Hawks,104.9,50.4,
2017-18,ATL,Atlanta Hawks,106.5,51.4,
1976-77,BOS,Boston Celtics,96.5,44.5,
1977-78,BOS,Boston Celtics,99.1,45.8,
1978-79,BOS,Boston Celtics,101.6,48,
1979-80,BOS,Boston Celtics,109.4,50.1,
1980-81,BOS,Boston Celtics,108.4,50.9,
1981-82,BOS,Boston Celtics,109.8,50.2,
1982-83,BOS,Boston Celtics,106.9,49.4,
1983-84,BOS,Boston Celtics,110.9,50.4,
1984-85,BOS,Boston Celtics,112.8,51.5,
1985-86,BOS,Boston Celtics,111.8,51.8,
1986-87,BOS,Boston Celtics,113.5,53.2,
1987-88,BOS,Boston Celtics,115.4,54.1,
1988-89,BOS,Boston Celtics,110.8,49.8,
1989-90,BOS,Boston Celtics,112,50.6,
1990-91,BOS,Boston Celtics,112.6,52,
1991-92,BOS,Boston Celtics,110.8,50,
1992-93,BOS,Boston Celtics,108.7,49.5,
1993-94,BOS,Boston Celtics,104.2,48.2,
1994-95,BOS,Boston Celtics,108.6,49.1,
1995-96,BOS,Boston Celtics,106.4,49.4,
1996-97,BOS,Boston Celtics,103.9,47.4,
1997-98,BOS,Boston Celtics,102.6,46.4,
1998-99,BOS,Boston Celtics,100.4,46.9,
1999-00,BOS,Boston Celtics,104.8,47.4,
2000-01,BOS,Boston Celtics,101.4,47.3,
2001-02,BOS,Boston Celtics,103.4,47.6,
2002-03,BOS,Boston Celtics,101.2,47,
2003-04,BOS,Boston Celtics,102.1,48.6,
2004-05,BOS,Boston Celtics,107.5,50.1,
2005-06,BOS,Boston Celtics,105.2,50.4,
2006-07,BOS,Boston Celtics,103.2,47.9,
2007-08,BOS,Boston Celtics,110.2,52.2,
2008-09,BOS,Boston Celtics,110.5,52.8,
2009-10,BOS,Boston Celtics,107.7,52.2,
2010-11,BOS,Boston Celtics,106.2,51.9,
2011-12,BOS,Boston Celtics,101,49.6,
2012-13,BOS,Boston Celtics,103.1,50.3,
2013-14,BOS,Boston Celtics,102.9,47.7,
2014-15,BOS,Boston Celtics,104.7,48.9,
2015-16,BOS,Boston Celtics,106.8,48.8,
2016-17,BOS,Boston Celtics,111.2,52.5,
2017-18,BOS,Boston Celtics,106.8,51.4,
2012-13,BRK,Brooklyn Nets,108.2,49.8,
2013-14,BRK,Brooklyn Nets,106.7,51.4,
2014-15,BRK,Brooklyn Nets,104.4,49.1,
2015-16,BRK,Brooklyn Nets,103.2,49.2,
2016-17,BRK,Brooklyn Nets,104.1,50.7,
2017-18,BRK,Brooklyn Nets,105.7,50.5,
1976-77,BUF,Buffalo Braves,97.6,45,
1977-78,BUF,Buffalo Braves,100.3,46.6,
2004-05,CHA,Charlotte Hornets,101.1,45.5,
2005-06,CHA,Charlotte Hornets,102.5,46.4,
2006-07,CHA,Charlotte Hornets,103.6,48,
2007-08,CHA,Charlotte Hornets,104.6,49.2,
2008-09,CHA,Charlotte Hornets,104.7,49.4,
2009-10,CHA,Charlotte Hornets,104.4,49,
2010-11,CHA,Charlotte Hornets,103.4,48.2,
2011-12,CHA,Charlotte Hornets,95.2,43.9,
2012-13,CHA,Charlotte Hornets,101.5,46,
2013-14,CHA,Charlotte Hornets,103.6,48.1,
1988-89,CHH,Charlotte Hornets,103.7,47,
1989-90,CHH,Charlotte Hornets,102,47,
1990-91,CHH,Charlotte Hornets,105,47.7,
1991-92,CHH,Charlotte Hornets,107.1,48.5,
1992-93,CHH,Charlotte Hornets,109.5,49.9,
1993-94,CHH,Charlotte Hornets,108.4,50,
1994-95,CHH,Charlotte Hornets,109.6,51.7,
1995-96,CHH,Charlotte Hornets,111.2,51.4,
1996-97,CHH,Charlotte Hornets,110.9,51.8,
1997-98,CHH,Charlotte Hornets,107.5,49.5,
1998-99,CHH,Charlotte Hornets,102.3,48.5,
1999-00,CHH,Charlotte Hornets,104.3,47.5,
2000-01,CHH,Charlotte Hornets,101.8,45.7,
2001-02,CHH,Charlotte Hornets,104.3,46.6,
1976-77,CHI,Chicago Bulls,98.3,45.2,
1977-78,CHI,Chicago Bulls,102,47.3,
1978-79,CHI,Chicago Bulls,101.3,48.9,
1979-80,CHI,Chicago Bulls,104.3,48.9,
1980-81,CHI,Chicago Bulls,107.8,50.4,
1981-82,CHI,Chicago Bulls,106.6,50.5,
1982-83,CHI,Chicago Bulls,103.4,48.3,
1983-84,CHI,Chicago Bulls,102.4,47.5,
1984-85,CHI,Chicago Bulls,108.7,50.2,
1985-86,CHI,Chicago Bulls,108.6,48.7,
1986-87,CHI,Chicago Bulls,108.6,47.8,
1987-88,CHI,Chicago Bulls,109,49.4,
1988-89,CHI,Chicago Bulls,109.1,50.7,
1989-90,CHI,Chicago Bulls,112.3,51.6,
1990-91,CHI,Chicago Bulls,114.6,52.1,
1991-92,CHI,Chicago Bulls,115.5,51.8,
1992-93,CHI,Chicago Bulls,112.9,49.9,
1993-94,CHI,Chicago Bulls,106.1,49.3,
1994-95,CHI,Chicago Bulls,109.5,50.9,
1995-96,CHI,Chicago Bulls,115.2,51.7,
1996-97,CHI,Chicago Bulls,114.4,51.1,
1997-98,CHI,Chicago Bulls,107.7,47.3,
1998-99,CHI,Chicago Bulls,92.4,42.4,
1999-00,CHI,Chicago Bulls,94.2,44.3,
2000-01,CHI,Chicago Bulls,97.2,45,
2001-02,CHI,Chicago Bulls,98.2,45.6,
2002-03,CHI,Chicago Bulls,100.2,47.1,
2003-04,CHI,Chicago Bulls,96.6,44.6,
2004-05,CHI,Chicago Bulls,101.4,47.1,
2005-06,CHI,Chicago Bulls,104,48.7,
2006-07,CHI,Chicago Bulls,104.9,49.3,
2007-08,CHI,Chicago Bulls,103.9,47,
2008-09,CHI,Chicago Bulls,108.4,49.3,
2009-10,CHI,Chicago Bulls,103.5,47.7,
2010-11,CHI,Chicago Bulls,108.3,50.1,
2011-12,CHI,Chicago Bulls,107.4,49,
2012-13,CHI,Chicago Bulls,103.5,47,
2013-14,CHI,Chicago Bulls,102.5,47.1,
2014-15,CHI,Chicago Bulls,107.5,48.9,
2015-16,CHI,Chicago Bulls,105,48.7,
2016-17,CHI,Chicago Bulls,107.4,48.7,
2017-18,CHI,Chicago Bulls,104.1,50,
2014-15,CHO,Charlotte Hornets,100.1,45.6,
2015-16,CHO,Charlotte Hornets,107.1,50.2,
2016-17,CHO,Charlotte Hornets,108.8,50.1,
2017-18,CHO,Charlotte Hornets,107.4,49.7,
1976-77,CLE,Cleveland Cavaliers,100,44.9,
1977-78,CLE,Cleveland Cavaliers,99.9,45.4,
1978-79,CLE,Cleveland Cavaliers,103.7,46.8,
1979-80,CLE,Cleveland Cavaliers,106.7,47.6,
1980-81,CLE,Cleveland Cavaliers,104.3,47.2,
1981-82,CLE,Cleveland Cavaliers,103.3,46.6,
1982-83,CLE,Cleveland Cavaliers,99.2,46.7,
1983-84,CLE,Cleveland Cavaliers,104.1,46.8,
1984-85,CLE,Cleveland Cavaliers,106,47.8,
1985-86,CLE,Cleveland Cavaliers,105.5,49,
1986-87,CLE,Cleveland Cavaliers,102.6,47.6,
1987-88,CLE,Cleveland Cavaliers,106.8,50,
1988-89,CLE,Cleveland Cavaliers,110.6,51.4,
1989-90,CLE,Cleveland Cavaliers,106.9,48.5,
1990-91,CLE,Cleveland Cavaliers,106.1,48.7,
1991-92,CLE,Cleveland Cavaliers,113.9,50.6,
1992-93,CLE,Cleveland Cavaliers,112.7,51.8,
1993-94,CLE,Cleveland Cavaliers,109.4,48.7,
1994-95,CLE,Cleveland Cavaliers,105.3,47.2,
1995-96,CLE,Cleveland Cavaliers,109.9,51,
1996-97,CLE,Cleveland Cavaliers,104.6,49.3,
1997-98,CLE,Cleveland Cavaliers,102.2,47.8,
1998-99,CLE,Cleveland Cavaliers,99.6,46.4,
1999-00,CLE,Cleveland Cavaliers,100.4,46.8,
2000-01,CLE,Cleveland Cavaliers,100.3,45.9,
2001-02,CLE,Cleveland Cavaliers,104.6,47.7,
2002-03,CLE,Cleveland Cavaliers,96.5,44.4,
2003-04,CLE,Cleveland Cavaliers,101.4,45.1,
2004-05,CLE,Cleveland Cavaliers,106.6,47,
2005-06,CLE,Cleveland Cavaliers,107.8,49.2,
2006-07,CLE,Cleveland Cavaliers,105.5,48.4,
2007-08,CLE,Cleveland Cavaliers,106,48,
2008-09,CLE,Cleveland Cavaliers,112.4,51.9,
2009-10,CLE,Cleveland Cavaliers,111.2,53.2,
2010-11,CLE,Cleveland Cavaliers,102.2,47.2,
2011-12,CLE,Cleveland Cavaliers,101.1,46.3,
2012-13,CLE,Cleveland Cavaliers,104.3,47.3,
2013-14,CLE,Cleveland Cavaliers,104.2,47.9,
2014-15,CLE,Cleveland Cavaliers,111.1,52,
2015-16,CLE,Cleveland Cavaliers,110.9,52.4,
2016-17,CLE,Cleveland Cavaliers,113.6,54.7,
2017-18,CLE,Cleveland Cavaliers,112.3,54.7,
1980-81,DAL,Dallas Mavericks,102.4,46.6,
1981-82,DAL,Dallas Mavericks,105.9,47.3,
1982-83,DAL,Dallas Mavericks,109.4,48.9,
1983-84,DAL,Dallas Mavericks,110,50.3,
1984-85,DAL,Dallas Mavericks,111.5,49.9,
1985-86,DAL,Dallas Mavericks,112.1,51,
1986-87,DAL,Dallas Mavericks,114.9,50.3,
1987-88,DAL,Dallas Mavericks,112.2,48.5,
1988-89,DAL,Dallas Mavericks,107.4,48.4,
1989-90,DAL,Dallas Mavericks,107.2,48.7,
1990-91,DAL,Dallas Mavericks,105.5,48.5,
1991-92,DAL,Dallas Mavericks,103,45.8,
1992-93,DAL,Dallas Mavericks,99.5,45.5,
1993-94,DAL,Dallas Mavericks,100.4,44.9,
1994-95,DAL,Dallas Mavericks,107.6,46.6,
1995-96,DAL,Dallas Mavericks,106.1,47,
1996-97,DAL,Dallas Mavericks,101.1,46.9,
1997-98,DAL,Dallas Mavericks,100.5,45.8,
1998-99,DAL,Dallas Mavericks,102.3,45.9,
1999-00,DAL,Dallas Mavericks,106.6,49,
2000-01,DAL,Dallas Mavericks,107.1,49.8,
2001-02,DAL,Dallas Mavericks,112.2,50.7,
2002-03,DAL,Dallas Mavericks,110.7,49.8,
2003-04,DAL,Dallas Mavericks,112.1,49.5,
2004-05,DAL,Dallas Mavericks,110.3,49.2,
2005-06,DAL,Dallas Mavericks,111.8,49.5,
2006-07,DAL,Dallas Mavericks,111.3,50.9,
2007-08,DAL,Dallas Mavericks,111.1,50.2,
2008-09,DAL,Dallas Mavericks,110.5,50.4,
2009-10,DAL,Dallas Mavericks,109.2,50.6,
2010-11,DAL,Dallas Mavericks,109.7,52.5,
2011-12,DAL,Dallas Mavericks,103.3,48.9,
2012-13,DAL,Dallas Mavericks,105.9,50.6,
2013-14,DAL,Dallas Mavericks,111.2,52.6,
2014-15,DAL,Dallas Mavericks,109.5,51.5,
2015-16,DAL,Dallas Mavericks,106.7,50.2,
2016-17,DAL,Dallas Mavericks,105.6,50.5,
2017-18,DAL,Dallas Mavericks,106.8,51.5,
1976-77,DEN,Denver Nuggets,100.7,48.1,
1977-78,DEN,Denver Nuggets,102.3,47.7,
1978-79,DEN,Denver Nuggets,104.4,48.1,
1979-80,DEN,Denver Nuggets,103.4,46.9,
1980-81,DEN,Denver Nuggets,109.4,47.7,
1981-82,DEN,Denver Nuggets,114.3,52.2,
1982-83,DEN,Denver Nuggets,109.7,49.5,
1983-84,DEN,Denver Nuggets,111.3,49.8,
1984-85,DEN,Denver Nuggets,110.7,49.1,
1985-86,DEN,Denver Nuggets,107.1,47.5,
1986-87,DEN,Denver Nuggets,109.3,47.8,
1987-88,DEN,Denver Nuggets,110.1,48.6,
1988-89,DEN,Denver Nuggets,108.6,48.2,
1989-90,DEN,Denver Nuggets,108,47.8,
1990-91,DEN,Denver Nuggets,105.2,45.7,
1991-92,DEN,Denver Nuggets,100.7,45.1,
1992-93,DEN,Denver Nuggets,104.6,47,
1993-94,DEN,Denver Nuggets,103.9,47.8,
1994-95,DEN,Denver Nuggets,109.1,51.1,
1995-96,DEN,Denver Nuggets,105.2,48.1,
1996-97,DEN,Denver Nuggets,104.5,48.6,
1997-98,DEN,Denver Nuggets,99,44,
1998-99,DEN,Denver Nuggets,103.1,45.9,
1999-00,DEN,Denver Nuggets,103.5,47.6,
2000-01,DEN,Denver Nuggets,103.7,47,
2001-02,DEN,Denver Nuggets,101.4,45.5,
2002-03,DEN,Denver Nuggets,92.2,42.8,
2003-04,DEN,Denver Nuggets,103.9,46.7,
2004-05,DEN,Denver Nuggets,106,48.3,
2005-06,DEN,Denver Nuggets,105.5,48.8,
2006-07,DEN,Denver Nuggets,107.6,50.1,
2007-08,DEN,Denver Nuggets,110,51,
2008-09,DEN,Denver Nuggets,110.4,51.2,
2009-10,DEN,Denver Nuggets,111.8,50.9,
2010-11,DEN,Denver Nuggets,112.3,52.6,
2011-12,DEN,Denver Nuggets,109.2,51.6,
2012-13,DEN,Denver Nuggets,110.4,51.5,
2013-14,DEN,Denver Nuggets,106,49.7,
2014-15,DEN,Denver Nuggets,104.5,47.9,
2015-16,DEN,Denver Nuggets,105.6,48.9,
2016-17,DEN,Denver Nuggets,113.2,53,
2017-18,DEN,Denver Nuggets,111,53.1,
1976-77,DET,Detroit Pistons,100.3,48.3,
1977-78,DET,Detroit Pistons,100.3,47.8,
1978-79,DET,Detroit Pistons,102.1,47.5,
1979-80,DET,Detroit Pistons,101.2,48.3,
1980-81,DET,Detroit Pistons,98.1,46.4,
1981-82,DET,Detroit Pistons,105.8,48.5,
1982-83,DET,Detroit Pistons,105.4,48.1,
1983-84,DET,Detroit Pistons,111.5,48.2,
1984-85,DET,Detroit Pistons,109.6,48.3,
1985-86,DET,Detroit Pistons,109,48.8,
1986-87,DET,Detroit Pistons,109.2,49.2,
1987-88,DET,Detroit Pistons,110.5,49.7,
1988-89,DET,Detroit Pistons,110.8,50.2,
1989-90,DET,Detroit Pistons,109.9,49,
1990-91,DET,Detroit Pistons,108.2,47.4,
1991-92,DET,Detroit Pistons,107.5,47.7,
1992-93,DET,Detroit Pistons,107.4,47.3,
1993-94,DET,Detroit Pistons,102.7,47.7,
1994-95,DET,Detroit Pistons,105.1,49.9,
1995-96,DET,Detroit Pistons,107.9,50.4,
1996-97,DET,Detroit Pistons,110.6,51.2,
1997-98,DET,Detroit Pistons,105.3,47.2,
1998-99,DET,Detroit Pistons,104.2,48,
1999-00,DET,Detroit Pistons,107.3,49.2,
2000-01,DET,Detroit Pistons,100,45.3,
2001-02,DET,Detroit Pistons,104.8,49.7,
2002-03,DET,Detroit Pistons,104.1,47.3,
2003-04,DET,Detroit Pistons,102,46.1,
2004-05,DET,Detroit Pistons,105.6,47.2,
2005-06,DET,Detroit Pistons,110.8,49.7,
2006-07,DET,Detroit Pistons,108.9,48.8,
2007-08,DET,Detroit Pistons,111.4,49.5,
2008-09,DET,Detroit Pistons,107.4,48.3,
2009-10,DET,Detroit Pistons,105.6,47.4,
2010-11,DET,Detroit Pistons,107.7,49.5,
2011-12,DET,Detroit Pistons,101,46.8,
2012-13,DET,Detroit Pistons,103.8,48.7,
2013-14,DET,Detroit Pistons,105.9,48.2,
2014-15,DET,Detroit Pistons,105.3,48.2,
2015-16,DET,Detroit Pistons,106.1,49.1,
2016-17,DET,Detroit Pistons,106,49.2,
2017-18,DET,Detroit Pistons,107.2,51.2,
1976-77,GSW,Golden State Warriors,102.4,47.5,
1977-78,GSW,Golden State Warriors,99.6,46.7,
1978-79,GSW,Golden State Warriors,102.4,48.7,
1979-80,GSW,Golden State Warriors,102,48.4,
1980-81,GSW,Golden State Warriors,108.5,49.3,
1981-82,GSW,Golden State Warriors,108.8,50.2,
1982-83,GSW,Golden State Warriors,103.9,48.5,
1983-84,GSW,Golden State Warriors,105.5,47.1,
1984-85,GSW,Golden State Warriors,106,47,
1985-86,GSW,Golden State Warriors,108.3,48.8,
1986-87,GSW,Golden State Warriors,108.9,48.7,
1987-88,GSW,Golden State Warriors,104.7,47.4,
1988-89,GSW,Golden State Warriors,107.4,48,
1989-90,GSW,Golden State Warriors,109.6,50.1,
1990-91,GSW,Golden State Warriors,111.9,50.4,
1991-92,GSW,Golden State Warriors,113.6,52.4,
1992-93,GSW,Golden State Warriors,109.2,50.2,
1993-94,GSW,Golden State Warriors,108.3,51.2,
1994-95,GSW,Golden State Warriors,106.7,50.8,
1995-96,GSW,Golden State Warriors,108.4,48.9,
1996-97,GSW,Golden State Warriors,107.2,49.3,
1997-98,GSW,Golden State Warriors,95.8,42.7,
1998-99,GSW,Golden State Warriors,98.4,43.4,
1999-00,GSW,Golden State Warriors,99.8,44.4,
2000-01,GSW,Golden State Warriors,97.8,42.9,
2001-02,GSW,Golden State Warriors,102.8,45.2,
2002-03,GSW,Golden State Warriors,108.3,47.2,
2003-04,GSW,Golden State Warriors,103,47.5,
2004-05,GSW,Golden State Warriors,104.7,47.5,
2005-06,GSW,Golden State Warriors,104.8,47.9,
2006-07,GSW,Golden State Warriors,107,51.2,
2007-08,GSW,Golden State Warriors,111.8,51.1,
2008-09,GSW,Golden State Warriors,109.5,49.7,
2009-10,GSW,Golden State Warriors,108.1,51.4,
2010-11,GSW,Golden State Warriors,108.2,51,
2011-12,GSW,Golden State Warriors,105.4,50.5,
2012-13,GSW,Golden State Warriors,106.4,50.6,
2013-14,GSW,Golden State Warriors,107.5,51.7,
2014-15,GSW,Golden State Warriors,111.6,54,
2015-16,GSW,Golden State Warriors,114.5,56.3,
2016-17,GSW,Golden State Warriors,115.6,56.3,
2017-18,GSW,Golden State Warriors,115.2,57.9,
1976-77,HOU,Houston Rockets,104.5,48.3,
1977-78,HOU,Houston Rockets,102.2,45.8,
1978-79,HOU,Houston Rockets,108.7,49.7,
1979-80,HOU,Houston Rockets,108.1,48.7,
1980-81,HOU,Houston Rockets,107,48.9,
1981-82,HOU,Houston Rockets,108.3,47.9,
1982-83,HOU,Houston Rockets,97,45.3,
1983-84,HOU,Houston Rockets,105.3,49.7,
1984-85,HOU,Houston Rockets,107.9,50.7,
1985-86,HOU,Houston Rockets,110.1,49.6,
1986-87,HOU,Houston Rockets,106.5,48.3,
1987-88,HOU,Houston Rockets,107.1,47.6,
1988-89,HOU,Houston Rockets,105.7,48.6,
1989-90,HOU,Houston Rockets,104.8,49.1,
1990-91,HOU,Houston Rockets,107.4,48.9,
1991-92,HOU,Houston Rockets,106.2,49.9,
1992-93,HOU,Houston Rockets,109.6,51.5,
1993-94,HOU,Houston Rockets,105.9,50.7,
1994-95,HOU,Houston Rockets,109.7,52.9,
1995-96,HOU,Houston Rockets,109.3,51.2,
1996-97,HOU,Houston Rockets,108.8,52,
1997-98,HOU,Houston Rockets,107.7,49.6,
1998-99,HOU,Houston Rockets,105.4,50.6,
1999-00,HOU,Houston Rockets,104.8,49.4,
2000-01,HOU,Houston Rockets,106.7,49.2,
2001-02,HOU,Houston Rockets,103.1,46.5,
2002-03,HOU,Houston Rockets,104.3,47.4,
2003-04,HOU,Houston Rockets,100.9,48.4,
2004-05,HOU,Houston Rockets,106.2,48.6,
2005-06,HOU,Houston Rockets,101.6,47.1,
2006-07,HOU,Houston Rockets,106,49.9,
2007-08,HOU,Houston Rockets,106.8,49.2,
2008-09,HOU,Houston Rockets,108.4,50.1,
2009-10,HOU,Houston Rockets,107.6,49.4,
2010-11,HOU,Houston Rockets,111.3,50.3,
2011-12,HOU,Houston Rockets,105.5,49.2,
2012-13,HOU,Houston Rockets,109.7,52.5,
2013-14,HOU,Houston Rockets,111,53.1,
2014-15,HOU,Houston Rockets,107,51.2,
2015-16,HOU,Houston Rockets,108.3,51.6,
2016-17,HOU,Houston Rockets,114.7,54.5,
2017-18,HOU,Houston Rockets,115.7,55.5,
1976-77,IND,Indiana Pacers,99.3,44.9,
1977-78,IND,Indiana Pacers,99.6,45,
1978-79,IND,Indiana Pacers,103,47.5,
1979-80,IND,Indiana Pacers,105.5,47.9,
1980-81,IND,Indiana Pacers,106.4,48.4,
1981-82,IND,Indiana Pacers,102.7,47.2,
1982-83,IND,Indiana Pacers,103.8,48.3,
1983-84,IND,Indiana Pacers,101.8,48.7,
1984-85,IND,Indiana Pacers,102.5,47.8,
1985-86,IND,Indiana Pacers,102.6,48.3,
1986-87,IND,Indiana Pacers,106,47.8,
1987-88,IND,Indiana Pacers,106.6,49.2,
1988-89,IND,Indiana Pacers,106.8,50.2,
1989-90,IND,Indiana Pacers,111.5,51.8,
1990-91,IND,Indiana Pacers,111.7,51.1,
1991-92,IND,Indiana Pacers,111.7,51.8,
1992-93,IND,Indiana Pacers,111.9,49.8,
1993-94,IND,Indiana Pacers,107.8,50,
1994-95,IND,Indiana Pacers,109.6,50.7,
1995-96,IND,Indiana Pacers,110.8,50.9,
1996-97,IND,Indiana Pacers,105.8,49,
1997-98,IND,Indiana Pacers,108.4,50.2,
1998-99,IND,Indiana Pacers,108.7,48.6,
1999-00,IND,Indiana Pacers,108.5,50.3,
2000-01,IND,Indiana Pacers,102,47.1,
2001-02,IND,Indiana Pacers,104.1,47.7,
2002-03,IND,Indiana Pacers,104.6,46.9,
2003-04,IND,Indiana Pacers,103.8,47.1,
2004-05,IND,Indiana Pacers,105.5,47.6,
2005-06,IND,Indiana Pacers,104.5,48.7,
2006-07,IND,Indiana Pacers,102.9,47.4,
2007-08,IND,Indiana Pacers,106,49.8,
2008-09,IND,Indiana Pacers,108.1,50.1,
2009-10,IND,Indiana Pacers,103.7,49.1,
2010-11,IND,Indiana Pacers,104.8,48.6,
2011-12,IND,Indiana Pacers,106.7,47.4,
2012-13,IND,Indiana Pacers,104.3,47.9,
2013-14,IND,Indiana Pacers,104.1,49,
2014-15,IND,Indiana Pacers,103.5,48.4,
2015-16,IND,Indiana Pacers,104.6,49.7,
2016-17,IND,Indiana Pacers,108.6,51.6,
2017-18,IND,Indiana Pacers,110.5,53.4,
1976-77,KCK,Kansas City Kings,100.5,46,
1977-78,KCK,Kansas City Kings,100.5,46.6,
1978-79,KCK,Kansas City Kings,104.5,49.2,
1979-80,KCK,Kansas City Kings,104,48,
1980-81,KCK,Kansas City Kings,104.7,50.3,
1981-82,KCK,Kansas City Kings,104.2,49.7,
1982-83,KCK,Kansas City Kings,106.2,50,
1983-84,KCK,Kansas City Kings,106.5,49,
1984-85,KCK,Kansas City Kings,109.5,50.8,
1984-85,LAC,Los Angeles Clippers,105.8,49.9,
1985-86,LAC,Los Angeles Clippers,105.4,47.7,
1986-87,LAC,Los Angeles Clippers,101.2,45.7,
1987-88,LAC,Los Angeles Clippers,97.4,44.9,
1988-89,LAC,Los Angeles Clippers,100.8,47.8,
1989-90,LAC,Los Angeles Clippers,104,48.8,
1990-91,LAC,Los Angeles Clippers,103,47.1,
1991-92,LAC,Los Angeles Clippers,105.8,48.3,
1992-93,LAC,Los Angeles Clippers,107.4,49.3,
1993-94,LAC,Los Angeles Clippers,102.9,48.4,
1994-95,LAC,Los Angeles Clippers,101.5,46.8,
1995-96,LAC,Los Angeles Clippers,106.5,51.1,
1996-97,LAC,Los Angeles Clippers,105.1,48.2,
1997-98,LAC,Los Angeles Clippers,103.3,47.7,
1998-99,LAC,Los Angeles Clippers,100,45.4,
1999-00,LAC,Los Angeles Clippers,97.8,45.8,
2000-01,LAC,Los Angeles Clippers,101.3,47.6,
2001-02,LAC,Los Angeles Clippers,105.5,47.6,
2002-03,LAC,Los Angeles Clippers,102.3,46.7,
2003-04,LAC,Los Angeles Clippers,103.5,45.3,
2004-05,LAC,Los Angeles Clippers,105.5,47.7,
2005-06,LAC,Los Angeles Clippers,105.3,48.7,
2006-07,LAC,Los Angeles Clippers,105.1,48.1,
2007-08,LAC,Los Angeles Clippers,101.2,46.5,
2008-09,LAC,Los Angeles Clippers,102.3,48.1,
2009-10,LAC,Los Angeles Clippers,103.3,49.1,
2010-11,LAC,Los Angeles Clippers,105.3,49.6,
2011-12,LAC,Los Angeles Clippers,108.5,50.2,
2012-13,LAC,Los Angeles Clippers,110.6,52.6,
2013-14,LAC,Los Angeles Clippers,112.1,52.6,
2014-15,LAC,Los Angeles Clippers,112.4,53.3,
2015-16,LAC,Los Angeles Clippers,108.3,52.4,
2016-17,LAC,Los Angeles Clippers,112.7,53.7,
2017-18,LAC,Los Angeles Clippers,109.5,52.4,
1976-77,LAL,Los Angeles Lakers,101.4,47.8,
1977-78,LAL,Los Angeles Lakers,103.3,48.7,
1978-79,LAL,Los Angeles Lakers,106.1,51.7,
1979-80,LAL,Los Angeles Lakers,109.5,53,
1980-81,LAL,Los Angeles Lakers,107.6,51.3,
1981-82,LAL,Los Angeles Lakers,110.2,51.8,
1982-83,LAL,Los Angeles Lakers,110.5,52.8,
1983-84,LAL,Los Angeles Lakers,110.9,53.6,
1984-85,LAL,Los Angeles Lakers,114.1,55.1,
1985-86,LAL,Los Angeles Lakers,113.3,53.2,
1986-87,LAL,Los Angeles Lakers,115.6,52.8,
1987-88,LAL,Los Angeles Lakers,113.1,51.5,
1988-89,LAL,Los Angeles Lakers,113.8,51.8,
1989-90,LAL,Los Angeles Lakers,114,51.2,
1990-91,LAL,Los Angeles Lakers,112.1,50,
1991-92,LAL,Los Angeles Lakers,107.7,46.5,
1992-93,LAL,Los Angeles Lakers,107.6,48.6,
1993-94,LAL,Los Angeles Lakers,104.8,46.6,
1994-95,LAL,Los Angeles Lakers,109.1,50,
1995-96,LAL,Los Angeles Lakers,111.4,51.5,
1996-97,LAL,Los Angeles Lakers,108.3,49.6,
1997-98,LAL,Los Angeles Lakers,111.9,51.9,
1998-99,LAL,Los Angeles Lakers,107.6,49.8,
1999-00,LAL,Los Angeles Lakers,107.3,48.4,
2000-01,LAL,Los Angeles Lakers,108.4,49.8,
2001-02,LAL,Los Angeles Lakers,109.4,49.8,
2002-03,LAL,Los Angeles Lakers,107.2,48.6,
2003-04,LAL,Los Angeles Lakers,105.5,48.1,
2004-05,LAL,Los Angeles Lakers,108.1,48.5,
2005-06,LAL,Los Angeles Lakers,108.4,49.5,
2006-07,LAL,Los Angeles Lakers,108.6,51.1,
2007-08,LAL,Los Angeles Lakers,113,52.5,
2008-09,LAL,Los Angeles Lakers,112.8,51.3,
2009-10,LAL,Los Angeles Lakers,108.8,49.6,
2010-11,LAL,Los Angeles Lakers,111,50.2,
2011-12,LAL,Los Angeles Lakers,106,49.1,
2012-13,LAL,Los Angeles Lakers,107.8,51.2,
2013-14,LAL,Los Angeles Lakers,104.2,50.5,
2014-15,LAL,Los Angeles Lakers,103.4,47.3,
2015-16,LAL,Los Angeles Lakers,101.6,46,
2016-17,LAL,Los Angeles Lakers,106,50.1,
2017-18,LAL,Los Angeles Lakers,105.2,51,
2001-02,MEM,Memphis Grizzlies,98.2,46.2,
2002-03,MEM,Memphis Grizzlies,103.9,48.7,
2003-04,MEM,Memphis Grizzlies,104.8,47.9,
2004-05,MEM,Memphis Grizzlies,105.5,48.9,
2005-06,MEM,Memphis Grizzlies,105.9,49.6,
2006-07,MEM,Memphis Grizzlies,106.9,50.4,
2007-08,MEM,Memphis Grizzlies,105,50,
2008-09,MEM,Memphis Grizzlies,103.5,48.6,
2009-10,MEM,Memphis Grizzlies,108.3,49.4,
2010-11,MEM,Memphis Grizzlies,107.6,49.3,
2011-12,MEM,Memphis Grizzlies,104,47.3,
2012-13,MEM,Memphis Grizzlies,104.9,47.2,
2013-14,MEM,Memphis Grizzlies,106.3,49.4,
2014-15,MEM,Memphis Grizzlies,105.7,48.9,
2015-16,MEM,Memphis Grizzlies,105.4,47.7,
2016-17,MEM,Memphis Grizzlies,107.7,49.1,
2017-18,MEM,Memphis Grizzlies,105.5,50.2,
1988-89,MIA,Miami Heat,97.8,45.9,
1989-90,MIA,Miami Heat,99.3,46.7,
1990-91,MIA,Miami Heat,102,46.9,
1991-92,MIA,Miami Heat,106.7,47.9,
1992-93,MIA,Miami Heat,107.7,48.1,
1993-94,MIA,Miami Heat,109.5,48.8,
1994-95,MIA,Miami Heat,108.2,49.9,
1995-96,MIA,Miami Heat,105.3,50.1,
1996-97,MIA,Miami Heat,106.8,50.7,
1997-98,MIA,Miami Heat,107.6,49.4,
1998-99,MIA,Miami Heat,104.7,49.4,
1999-00,MIA,Miami Heat,104.5,49.5,
2000-01,MIA,Miami Heat,101.1,46.9,
2001-02,MIA,Miami Heat,98.5,46.3,
2002-03,MIA,Miami Heat,96.7,43.9,
2003-04,MIA,Miami Heat,102.2,46.3,
2004-05,MIA,Miami Heat,110.2,52.4,
2005-06,MIA,Miami Heat,108.7,51.7,
2006-07,MIA,Miami Heat,104.3,50.6,
2007-08,MIA,Miami Heat,100.5,48.2,
2008-09,MIA,Miami Heat,107.8,50,
2009-10,MIA,Miami Heat,106.6,49.6,
2010-11,MIA,Miami Heat,111.7,52.4,
2011-12,MIA,Miami Heat,106.6,50.5,
2012-13,MIA,Miami Heat,112.3,55.2,
2013-14,MIA,Miami Heat,110.9,55.4,
2014-15,MIA,Miami Heat,103.9,50,
2015-16,MIA,Miami Heat,106.1,50.8,
2016-17,MIA,Miami Heat,107.8,51.2,
2017-18,MIA,Miami Heat,105.6,51.8,
1976-77,MIL,Milwaukee Bucks,100,46.8,
1977-78,MIL,Milwaukee Bucks,101.8,48.2,
1978-79,MIL,Milwaukee Bucks,106,50.3,
1979-80,MIL,Milwaukee Bucks,106.8,49.1,
1980-81,MIL,Milwaukee Bucks,108.7,50,
1981-82,MIL,Milwaukee Bucks,107.7,50.9,
1982-83,MIL,Milwaukee Bucks,105.8,49.1,
1983-84,MIL,Milwaukee Bucks,107.8,49.7,
1984-85,MIL,Milwaukee Bucks,110.5,49.7,
1985-86,MIL,Milwaukee Bucks,111.4,50.1,
1986-87,MIL,Milwaukee Bucks,109.5,48.7,
1987-88,MIL,Milwaukee Bucks,108.2,48.5,
1988-89,MIL,Milwaukee Bucks,110.1,48.7,
1989-90,MIL,Milwaukee Bucks,107.3,48.8,
1990-91,MIL,Milwaukee Bucks,109.7,49.9,
1991-92,MIL,Milwaukee Bucks,108.8,48.6,
1992-93,MIL,Milwaukee Bucks,106.2,49.5,
1993-94,MIL,Milwaukee Bucks,102.5,47.1,
1994-95,MIL,Milwaukee Bucks,106.2,49.6,
1995-96,MIL,Milwaukee Bucks,105.6,49.5,
1996-97,MIL,Milwaukee Bucks,106.2,49.6,
1997-98,MIL,Milwaukee Bucks,103.5,47.5,
1998-99,MIL,Milwaukee Bucks,104.9,48.9,
1999-00,MIL,Milwaukee Bucks,108.2,49.4,
2000-01,MIL,Milwaukee Bucks,108.8,49.9,
2001-02,MIL,Milwaukee Bucks,106.9,50.7,
2002-03,MIL,Milwaukee Bucks,108.8,50,
2003-04,MIL,Milwaukee Bucks,106.5,47.7,
2004-05,MIL,Milwaukee Bucks,106.6,47.5,
2005-06,MIL,Milwaukee Bucks,106.3,49.2,
2006-07,MIL,Milwaukee Bucks,107,50.4,
2007-08,MIL,Milwaukee Bucks,105.3,48.2,
2008-09,MIL,Milwaukee Bucks,106.7,48.3,
2009-10,MIL,Milwaukee Bucks,104.9,48.2,
2010-11,MIL,Milwaukee Bucks,101.6,46.7,
2011-12,MIL,Milwaukee Bucks,105.5,48.1,
2012-13,MIL,Milwaukee Bucks,103.6,47.6,
2013-14,MIL,Milwaukee Bucks,103,47.9,
2014-15,MIL,Milwaukee Bucks,102.7,49.9,
2015-16,MIL,Milwaukee Bucks,104.3,49.9,
2016-17,MIL,Milwaukee Bucks,109.1,52.7,
2017-18,MIL,Milwaukee Bucks,109.1,53.1,
1989-90,MIN,Minnesota Timberwolves,103.6,45.1,
1990-91,MIN,Minnesota Timberwolves,106.7,45.6,
1991-92,MIN,Minnesota Timberwolves,105,46.7,
1992-93,MIN,Minnesota Timberwolves,103.6,47.9,
1993-94,MIN,Minnesota Timberwolves,101.9,47.1,
1994-95,MIN,Minnesota Timberwolves,102.6,47.5,
1995-96,MIN,Minnesota Timberwolves,104.1,48,
1996-97,MIN,Minnesota Timberwolves,105.5,48.5,
1997-98,MIN,Minnesota Timberwolves,107.8,48.3,
1998-99,MIN,Minnesota Timberwolves,101.9,43.9,
1999-00,MIN,Minnesota Timberwolves,106.1,48.5,
2000-01,MIN,Minnesota Timberwolves,105.2,48.2,
2001-02,MIN,Minnesota Timberwolves,109,49,
2002-03,MIN,Minnesota Timberwolves,106.1,48.8,
2003-04,MIN,Minnesota Timberwolves,105.9,48.6,
2004-05,MIN,Minnesota Timberwolves,108.2,48.9,
2005-06,MIN,Minnesota Timberwolves,102.4,48,
2006-07,MIN,Minnesota Timberwolves,103.9,49,
2007-08,MIN,Minnesota Timberwolves,103.8,48.4,
2008-09,MIN,Minnesota Timberwolves,106.1,48.1,
2009-10,MIN,Minnesota Timberwolves,101.7,47.8,
2010-11,MIN,Minnesota Timberwolves,104.2,48.3,
2011-12,MIN,Minnesota Timberwolves,104.3,47.7,
2012-13,MIN,Minnesota Timberwolves,102.9,47.3,
2013-14,MIN,Minnesota Timberwolves,108.9,48.6,
2014-15,MIN,Minnesota Timberwolves,102.9,46.8,
2015-16,MIN,Minnesota Timberwolves,106.5,49.8,
2016-17,MIN,Minnesota Timberwolves,110.8,51.1,
2017-18,MIN,Minnesota Timberwolves,113.9,52.6,
1977-78,NJN,Minnesota Timberwolves,95,44.3,
1978-79,NJN,New Jersey Nets,98,46,
1979-80,NJN,New Jersey Nets,101.5,46.6,
1980-81,NJN,New Jersey Nets,101,47.8,
1981-82,NJN,New Jersey Nets,103,48.7,
1982-83,NJN,New Jersey Nets,101.6,49.4,
1983-84,NJN,New Jersey Nets,106.1,50.1,
1984-85,NJN,New Jersey Nets,107.9,49.3,
1985-86,NJN,New Jersey Nets,105,48.9,
1986-87,NJN,New Jersey Nets,105.6,48.7,
1987-88,NJN,New Jersey Nets,101.4,47.8,
1988-89,NJN,New Jersey Nets,103,47.4,
1989-90,NJN,New Jersey Nets,100.7,43.5,
1990-91,NJN,New Jersey Nets,102.9,45.5,
1991-92,NJN,New Jersey Nets,107,47.3,
1992-93,NJN,New Jersey Nets,106.5,47.3,
1993-94,NJN,New Jersey Nets,107.2,46.1,
1994-95,NJN,New Jersey Nets,105.2,46.7,
1995-96,NJN,New Jersey Nets,101.9,44.5,
1996-97,NJN,New Jersey Nets,104.7,45.6,
1997-98,NJN,New Jersey Nets,108.3,46.3,
1998-99,NJN,New Jersey Nets,99.5,43.4,
1999-00,NJN,New Jersey Nets,105.1,46.8,
2000-01,NJN,New Jersey Nets,100,45.2,
2001-02,NJN,New Jersey Nets,104,47.6,
2002-03,NJN,New Jersey Nets,103.8,46.8,
2003-04,NJN,New Jersey Nets,100.8,47.1,
2004-05,NJN,New Jersey Nets,101.4,46.3,
2005-06,NJN,New Jersey Nets,103.9,47.8,
2006-07,NJN,New Jersey Nets,105.7,50.4,
2007-08,NJN,New Jersey Nets,104,48.1,
2008-09,NJN,New Jersey Nets,108.3,49.7,
2009-10,NJN,New Jersey Nets,100.6,45.8,
2010-11,NJN,New Jersey Nets,103.1,47.4,
2011-12,NJN,New Jersey Nets,102.9,47.3,
2002-03,NOH,New Orleans Pelicans,103.9,46.5,
2003-04,NOH,New Orleans Pelicans,102.3,46,
2004-05,NOH,New Orleans Pelicans,99.7,44.6,
2007-08,NOH,New Orleans Pelicans,111.5,51.2,
2008-09,NOH,New Orleans Pelicans,108.7,50.1,
2009-10,NOH,New Orleans Pelicans,107.4,50.6,
2010-11,NOH,New Orleans Pelicans,106.2,49.3,
2011-12,NOH,New Orleans Pelicans,100.9,47.6,
2012-13,NOH,New Orleans Pelicans,105.7,48.9,
1976-77,NOJ,New Orleans Jazz,97,45.3,
1977-78,NOJ,New Orleans Pelicans,98.9,46.2,
1978-79,NOJ,New Orleans Pelicans,99.6,46.8,
2005-06,NOK,New Orleans Pelicans,103.7,46.4,
2006-07,NOK,New Orleans Pelicans,104.8,47.9,
2013-14,NOP,New Orleans Pelicans,107.2,49.5,
2014-15,NOP,New Orleans Pelicans,108.2,50.1,
2015-16,NOP,New Orleans Pelicans,105.6,49.8,
2016-17,NOP,New Orleans Pelicans,105.2,50.4,
2017-18,NOP,New Orleans Pelicans,109.6,54.4,
1976-77,NYK,New York Knicks,100.1,48.6,
1977-78,NYK,New York Knicks,101.7,48.8,
1978-79,NYK,New York Knicks,102.2,48.7,
1979-80,NYK,New York Knicks,106.5,49.8,
1980-81,NYK,New York Knicks,106,48.7,
1981-82,NYK,New York Knicks,106,49.5,
1982-83,NYK,New York Knicks,102.4,48.4,
1983-84,NYK,New York Knicks,107,49.9,
1984-85,NYK,New York Knicks,104.9,48.7,
1985-86,NYK,New York Knicks,99.5,46.6,
1986-87,NYK,New York Knicks,104.8,48.3,
1987-88,NYK,New York Knicks,105.9,47.7,
1988-89,NYK,New York Knicks,111.1,51.2,
1989-90,NYK,New York Knicks,109.4,50.1,
1990-91,NYK,New York Knicks,107.1,49.8,
1991-92,NYK,New York Knicks,108.3,49.1,
1992-93,NYK,New York Knicks,106.1,47.9,
1993-94,NYK,New York Knicks,105.7,48.3,
1994-95,NYK,New York Knicks,107.2,50.8,
1995-96,NYK,New York Knicks,106,50.9,
1996-97,NYK,New York Knicks,104.4,50.1,
1997-98,NYK,New York Knicks,103,47.6,
1998-99,NYK,New York Knicks,98.6,46.3,
1999-00,NYK,New York Knicks,102.5,48.2,
2000-01,NYK,New York Knicks,101.2,47.6,
2001-02,NYK,New York Knicks,101.5,46.8,
2002-03,NYK,New York Knicks,104.7,48.6,
2003-04,NYK,New York Knicks,101.7,47.4,
2004-05,NYK,New York Knicks,106.2,48.5,
2005-06,NYK,New York Knicks,104,48.1,
2006-07,NYK,New York Knicks,105.7,49.4,
2007-08,NYK,New York Knicks,104.7,47.5,
2008-09,NYK,New York Knicks,108.1,50.3,
2009-10,NYK,New York Knicks,107.6,50.9,
2010-11,NYK,New York Knicks,110.9,51.3,
2011-12,NYK,New York Knicks,104.4,49.2,
2012-13,NYK,New York Knicks,111.1,51.5,
2013-14,NYK,New York Knicks,108.3,50.5,
2014-15,NYK,New York Knicks,99.9,47,
2015-16,NYK,New York Knicks,104.6,48.3,
2016-17,NYK,New York Knicks,107.7,49.6,
2017-18,NYK,New York Knicks,106.5,50.8,
1976-77,NYN,New York Knicks,92.2,42.9,
2008-09,OKC,Oklahoma City Thunder,102.9,47.1,
2009-10,OKC,Oklahoma City Thunder,108.3,49.4,
2010-11,OKC,Oklahoma City Thunder,111.2,50.1,
2011-12,OKC,Oklahoma City Thunder,109.8,51.6,
2012-13,OKC,Oklahoma City Thunder,112.4,52.7,
2013-14,OKC,Oklahoma City Thunder,110.5,52,
2014-15,OKC,Oklahoma City Thunder,107.8,49.2,
2015-16,OKC,Oklahoma City Thunder,113.1,52.4,
2016-17,OKC,Oklahoma City Thunder,108.3,50,
2017-18,OKC,Oklahoma City Thunder,110.2,51.3,
1989-90,ORL,Orlando Magic,105.8,46.7,
1990-91,ORL,Orlando Magic,105.9,47.3,
1991-92,ORL,Orlando Magic,103.5,46.7,
1992-93,ORL,Orlando Magic,108.5,50.9,
1993-94,ORL,Orlando Magic,110.8,51.4,
1994-95,ORL,Orlando Magic,115.1,53.9,
1995-96,ORL,Orlando Magic,112.9,52.9,
1996-97,ORL,Orlando Magic,105.6,48.1,
1997-98,ORL,Orlando Magic,102.6,45.2,
1998-99,ORL,Orlando Magic,100.3,45.6,
1999-00,ORL,Orlando Magic,102.4,47.3,
2000-01,ORL,Orlando Magic,103.2,47.4,
2001-02,ORL,Orlando Magic,107,49.3,
2002-03,ORL,Orlando Magic,105.2,47.8,
2003-04,ORL,Orlando Magic,102.7,46.1,
2004-05,ORL,Orlando Magic,104.9,47.8,
2005-06,ORL,Orlando Magic,106.3,49.6,
2006-07,ORL,Orlando Magic,104.9,50,
2007-08,ORL,Orlando Magic,111.3,53.7,
2008-09,ORL,Orlando Magic,109.2,52,
2009-10,ORL,Orlando Magic,111.4,53.6,
2010-11,ORL,Orlando Magic,107.9,52.1,
2011-12,ORL,Orlando Magic,105,50.6,
2012-13,ORL,Orlando Magic,101.6,48.5,
2013-14,ORL,Orlando Magic,101.7,48.7,
2014-15,ORL,Orlando Magic,101.6,49.4,
2015-16,ORL,Orlando Magic,105.1,50,
2016-17,ORL,Orlando Magic,103.7,48.9,
2017-18,ORL,Orlando Magic,106.9,52,
1976-77,PHI,Philadelphia 76ers,101.2,48,
1977-78,PHI,Philadelphia 76ers,105,48.6,
1978-79,PHI,Philadelphia 76ers,102,48.8,
1979-80,PHI,Philadelphia 76ers,105,49.4,
1980-81,PHI,Philadelphia 76ers,107,51.5,
1981-82,PHI,Philadelphia 76ers,109.6,52.1,
1982-83,PHI,Philadelphia 76ers,108.3,50.1,
1983-84,PHI,Philadelphia 76ers,106.8,49.7,
1984-85,PHI,Philadelphia 76ers,111.3,49.7,
1985-86,PHI,Philadelphia 76ers,108.6,49,
1986-87,PHI,Philadelphia 76ers,108.3,49.7,
1987-88,PHI,Philadelphia 76ers,108.8,48.5,
1988-89,PHI,Philadelphia 76ers,113,50,
1989-90,PHI,Philadelphia 76ers,113.5,50.2,
1990-91,PHI,Philadelphia 76ers,107.9,48.9,
1991-92,PHI,Philadelphia 76ers,108.3,48.8,
1992-93,PHI,Philadelphia 76ers,104.6,47.9,
1993-94,PHI,Philadelphia 76ers,101.7,47.8,
1994-95,PHI,Philadelphia 76ers,104.1,47.5,
1995-96,PHI,Philadelphia 76ers,102.2,47.4,
1996-97,PHI,Philadelphia 76ers,104.6,47,
1997-98,PHI,Philadelphia 76ers,102.8,46.2,
1998-99,PHI,Philadelphia 76ers,99.9,43.9,
1999-00,PHI,Philadelphia 76ers,101.5,45.7,
2000-01,PHI,Philadelphia 76ers,103.6,46.8,
2001-02,PHI,Philadelphia 76ers,102.1,45.2,
2002-03,PHI,Philadelphia 76ers,105,46.6,
2003-04,PHI,Philadelphia 76ers,99.1,45.6,
2004-05,PHI,Philadelphia 76ers,103.5,47.5,
2005-06,PHI,Philadelphia 76ers,106,48.7,
2006-07,PHI,Philadelphia 76ers,103.6,48,
2007-08,PHI,Philadelphia 76ers,106.4,48.2,
2008-09,PHI,Philadelphia 76ers,107.9,48.5,
2009-10,PHI,Philadelphia 76ers,106.1,49.6,
2010-11,PHI,Philadelphia 76ers,106.6,49.4,
2011-12,PHI,Philadelphia 76ers,103.9,48,
2012-13,PHI,Philadelphia 76ers,102,48.1,
2013-14,PHI,Philadelphia 76ers,99.4,47.5,
2014-15,PHI,Philadelphia 76ers,95.5,45.9,
2015-16,PHI,Philadelphia 76ers,98.8,48.7,
2016-17,PHI,Philadelphia 76ers,103.2,50.1,
2017-18,PHI,Philadelphia 76ers,107.6,52.7,
1976-77,PHO,Phoenix Suns,98.1,47,
1977-78,PHO,Phoenix Suns,100.3,47.6,
1978-79,PHO,Phoenix Suns,105.7,51.2,
1979-80,PHO,Phoenix Suns,105.6,49.8,
1980-81,PHO,Phoenix Suns,104.6,49.2,
1981-82,PHO,Phoenix Suns,105.8,49.5,
1982-83,PHO,Phoenix Suns,105.1,49.9,
1983-84,PHO,Phoenix Suns,108.9,51.4,
1984-85,PHO,Phoenix Suns,104.7,49.7,
1985-86,PHO,Phoenix Suns,104.3,50.6,
1986-87,PHO,Phoenix Suns,108,50.1,
1987-88,PHO,Phoenix Suns,107,49.4,
1988-89,PHO,Phoenix Suns,113.1,50.9,
1989-90,PHO,Phoenix Suns,113.1,50.9,
1990-91,PHO,Phoenix Suns,112.6,50.6,
1991-92,PHO,Phoenix Suns,112.1,50.8,
1992-93,PHO,Phoenix Suns,113.3,52.1,
1993-94,PHO,Phoenix Suns,111.7,50.9,
1994-95,PHO,Phoenix Suns,114.5,52.4,
1995-96,PHO,Phoenix Suns,110.3,49.8,
1996-97,PHO,Phoenix Suns,109.3,50.8,
1997-98,PHO,Phoenix Suns,107.4,50,
1998-99,PHO,Phoenix Suns,105.8,48.1,
1999-00,PHO,Phoenix Suns,104.6,49.1,
2000-01,PHO,Phoenix Suns,100.3,46,
2001-02,PHO,Phoenix Suns,103.3,47.2,
2002-03,PHO,Phoenix Suns,103.7,47.3,
2003-04,PHO,Phoenix Suns,101.4,47.5,
2004-05,PHO,Phoenix Suns,114.5,53.4,
2005-06,PHO,Phoenix Suns,111.5,53.7,
2006-07,PHO,Phoenix Suns,113.9,55.1,
2007-08,PHO,Phoenix Suns,113.3,55.1,
2008-09,PHO,Phoenix Suns,113.6,54.5,
2009-10,PHO,Phoenix Suns,115.3,54.6,
2010-11,PHO,Phoenix Suns,109.5,52.2,
2011-12,PHO,Phoenix Suns,106.2,49.9,
2012-13,PHO,Phoenix Suns,101.2,47.7,
2013-14,PHO,Phoenix Suns,109.5,51.9,
2014-15,PHO,Phoenix Suns,105.3,50.1,
2015-16,PHO,Phoenix Suns,102.2,48.7,
2016-17,PHO,Phoenix Suns,106.6,49.3,
2017-18,PHO,Phoenix Suns,104.2,49.3,
1976-77,POR,Portland Trail Blazers,103.2,48.1,
1977-78,POR,Portland Trail Blazers,103.1,48.3,
1978-79,POR,Portland Trail Blazers,104.3,48.3,
1979-80,POR,Portland Trail Blazers,103.4,47.7,
1980-81,POR,Portland Trail Blazers,106.5,49.8,
1981-82,POR,Portland Trail Blazers,108.8,50.7,
1982-83,POR,Portland Trail Blazers,106,48.8,
1983-84,POR,Portland Trail Blazers,111.2,50.7,
1984-85,POR,Portland Trail Blazers,110.4,50.6,
1985-86,POR,Portland Trail Blazers,109.2,50.1,
1986-87,POR,Portland Trail Blazers,111.5,51,
1987-88,POR,Portland Trail Blazers,111.8,49.9,
1988-89,POR,Portland Trail Blazers,109.4,48.8,
1989-90,POR,Portland Trail Blazers,110.5,48.6,
1990-91,POR,Portland Trail Blazers,112.8,50.9,
1991-92,POR,Portland Trail Blazers,111.4,49.5,
1992-93,POR,Portland Trail Blazers,108.3,47.6,
1993-94,POR,Portland Trail Blazers,108.1,47.2,
1994-95,POR,Portland Trail Blazers,109.7,48.3,
1995-96,POR,Portland Trail Blazers,106,49.4,
1996-97,POR,Portland Trail Blazers,107.9,50.3,
1997-98,POR,Portland Trail Blazers,104,47.6,
1998-99,POR,Portland Trail Blazers,104.8,47.3,
1999-00,POR,Portland Trail Blazers,107.9,50.1,
2000-01,POR,Portland Trail Blazers,106.5,49.7,
2001-02,POR,Portland Trail Blazers,107.4,48.5,
2002-03,POR,Portland Trail Blazers,105.5,48.9,
2003-04,POR,Portland Trail Blazers,103.7,47.8,
2004-05,POR,Portland Trail Blazers,103.2,48.4,
2005-06,POR,Portland Trail Blazers,101.1,47.4,
2006-07,POR,Portland Trail Blazers,105.1,48.3,
2007-08,POR,Portland Trail Blazers,107.3,48.9,
2008-09,POR,Portland Trail Blazers,113.9,51.1,
2009-10,POR,Portland Trail Blazers,110.8,49.9,
2010-11,POR,Portland Trail Blazers,108.8,48.6,
2011-12,POR,Portland Trail Blazers,105.7,48.8,
2012-13,POR,Portland Trail Blazers,105.8,49.8,
2013-14,POR,Portland Trail Blazers,111.5,50.4,
2014-15,POR,Portland Trail Blazers,108.2,50.8,
2015-16,POR,Portland Trail Blazers,108.8,51.1,
2016-17,POR,Portland Trail Blazers,110.3,52,
2017-18,POR,Portland Trail Blazers,108.4,51.3,
1985-86,SAC,Sacramento Kings,106.2,49.2,
1986-87,SAC,Sacramento Kings,108.9,48,
1987-88,SAC,Sacramento Kings,106.5,48.1,
1988-89,SAC,Sacramento Kings,104.5,47.8,
1989-90,SAC,Sacramento Kings,104.8,48.4,
1990-91,SAC,Sacramento Kings,102,46.8,
1991-92,SAC,Sacramento Kings,103.9,48.2,
1992-93,SAC,Sacramento Kings,106.5,48.1,
1993-94,SAC,Sacramento Kings,103.3,47.1,
1994-95,SAC,Sacramento Kings,105.5,49.6,
1995-96,SAC,Sacramento Kings,106.2,49.3,
1996-97,SAC,Sacramento Kings,105,48.5,
1997-98,SAC,Sacramento Kings,100.8,46.4,
1998-99,SAC,Sacramento Kings,102.7,47.9,
1999-00,SAC,Sacramento Kings,105,48.6,
2000-01,SAC,Sacramento Kings,105.6,48.4,
2001-02,SAC,Sacramento Kings,109,49.7,
2002-03,SAC,Sacramento Kings,105.9,49.9,
2003-04,SAC,Sacramento Kings,110.3,50.7,
2004-05,SAC,Sacramento Kings,110.5,49.6,
2005-06,SAC,Sacramento Kings,106.7,49.2,
2006-07,SAC,Sacramento Kings,106.2,49.1,
2007-08,SAC,Sacramento Kings,107.5,50.3,
2008-09,SAC,Sacramento Kings,105.5,49.1,
2009-10,SAC,Sacramento Kings,105.3,49.1,
2010-11,SAC,Sacramento Kings,103.5,48,
2011-12,SAC,Sacramento Kings,103.8,47.2,
2012-13,SAC,Sacramento Kings,106.2,49.1,
2013-14,SAC,Sacramento Kings,105.7,48.4,
2014-15,SAC,Sacramento Kings,105.3,49,
2015-16,SAC,Sacramento Kings,106,51,
2016-17,SAC,Sacramento Kings,107.3,51.6,
2017-18,SAC,Sacramento Kings,103.5,50.6,
1976-77,SAS,San Antonio Spurs,102.5,48.5,
1977-78,SAS,San Antonio Spurs,104.5,50,
1978-79,SAS,San Antonio Spurs,107.1,50.6,
1979-80,SAS,San Antonio Spurs,108.6,50.2,
1980-81,SAS,San Antonio Spurs,108.5,49.2,
1981-82,SAS,San Antonio Spurs,109.9,49,
1982-83,SAS,San Antonio Spurs,110.1,51,
1983-84,SAS,San Antonio Spurs,111.2,51.1,
1984-85,SAS,San Antonio Spurs,109.9,51.7,
1985-86,SAS,San Antonio Spurs,106.5,50.9,
1986-87,SAS,San Antonio Spurs,105.9,48.2,
1987-88,SAS,San Antonio Spurs,108.2,49.9,
1988-89,SAS,San Antonio Spurs,100.9,47.2,
1989-90,SAS,San Antonio Spurs,107.7,48.8,
1990-91,SAS,San Antonio Spurs,107.8,49.4,
1991-92,SAS,San Antonio Spurs,107.5,48.5,
1992-93,SAS,San Antonio Spurs,109.6,50.7,
1993-94,SAS,San Antonio Spurs,110.4,49.4,
1994-95,SAS,San Antonio Spurs,111.7,51.6,
1995-96,SAS,San Antonio Spurs,110.2,51.6,
1996-97,SAS,San Antonio Spurs,103.3,47.2,
1997-98,SAS,San Antonio Spurs,103.8,49.3,
1998-99,SAS,San Antonio Spurs,104,47.9,
1999-00,SAS,San Antonio Spurs,105,48.8,
2000-01,SAS,San Antonio Spurs,106.6,49.6,
2001-02,SAS,San Antonio Spurs,106.5,49.2,
2002-03,SAS,San Antonio Spurs,105.6,49.7,
2003-04,SAS,San Antonio Spurs,102.2,47.3,
2004-05,SAS,San Antonio Spurs,107.5,49.2,
2005-06,SAS,San Antonio Spurs,107.3,51.3,
2006-07,SAS,San Antonio Spurs,109.2,52.1,
2007-08,SAS,San Antonio Spurs,107.2,50.4,
2008-09,SAS,San Antonio Spurs,108.5,51.3,
2009-10,SAS,San Antonio Spurs,110,51.5,
2010-11,SAS,San Antonio Spurs,111.8,52.7,
2011-12,SAS,San Antonio Spurs,110.9,52.8,
2012-13,SAS,San Antonio Spurs,108.3,53.1,
2013-14,SAS,San Antonio Spurs,110.5,53.7,
2014-15,SAS,San Antonio Spurs,108.5,51.7,
2015-16,SAS,San Antonio Spurs,110.3,52.6,
2016-17,SAS,San Antonio Spurs,111.1,52.4,
2017-18,SAS,San Antonio Spurs,107.4,51,
1978-79,SDC,San Diego Clippers,106.2,48.3,
1979-80,SDC,San Diego Clippers,105.7,48.2,
1980-81,SDC,San Diego Clippers,106,48.6,
1981-82,SDC,San Diego Clippers,106.6,50.7,
1982-83,SDC,San Diego Clippers,104.7,47.9,
1983-84,SDC,San Diego Clippers,109.2,49.8,
1976-77,SEA,Seattle Supersonics,96.7,45,
1977-78,SEA,Seattle Supersonics,99.2,44.7,
1978-79,SEA,Seattle Supersonics,102.7,46.8,
1979-80,SEA,Seattle Supersonics,105.8,47.4,
1980-81,SEA,Seattle Supersonics,103.2,47,
1981-82,SEA,Seattle Supersonics,106.4,49.1,
1982-83,SEA,Seattle Supersonics,105.9,49.6,
1983-84,SEA,Seattle Supersonics,107.9,49,
1984-85,SEA,Seattle Supersonics,102.8,47.7,
1985-86,SEA,Seattle Supersonics,105.9,47.8,
1986-87,SEA,Seattle Supersonics,110.7,49.5,
1987-88,SEA,Seattle Supersonics,110.2,49.1,
1988-89,SEA,Seattle Supersonics,111.5,49.6,
1989-90,SEA,Seattle Supersonics,110.9,49.4,
1990-91,SEA,Seattle Supersonics,109.7,50.1,
1991-92,SEA,Seattle Supersonics,110.7,48.9,
1992-93,SEA,Seattle Supersonics,112.3,50.2,
1993-94,SEA,Seattle Supersonics,111.1,50.1,
1994-95,SEA,Seattle Supersonics,114.8,52.7,
1995-96,SEA,Seattle Supersonics,110.3,52.6,
1996-97,SEA,Seattle Supersonics,111.2,51,
1997-98,SEA,Seattle Supersonics,111.6,52.1,
1998-99,SEA,Seattle Supersonics,105,48.1,
1999-00,SEA,Seattle Supersonics,105.6,48.7,
2000-01,SEA,Seattle Supersonics,105.6,49.1,
2001-02,SEA,Seattle Supersonics,108.9,50.5,
2002-03,SEA,Seattle Supersonics,103.7,47.2,
2003-04,SEA,Seattle Supersonics,107.3,50.1,
2004-05,SEA,Seattle Supersonics,112.2,49.5,
2005-06,SEA,Seattle Supersonics,111.1,50.4,
2006-07,SEA,Seattle Supersonics,107.2,49.9,
2007-08,SEA,Seattle Supersonics,100.5,46.7,
1995-96,TOR,Toronto Raptors,103.8,49.9,
1996-97,TOR,Toronto Raptors,104.6,48.1,
1997-98,TOR,Toronto Raptors,101.2,46.2,
1998-99,TOR,Toronto Raptors,102,45,
1999-00,TOR,Toronto Raptors,104.7,46.4,
2000-01,TOR,Toronto Raptors,105.9,46.8,
2001-02,TOR,Toronto Raptors,102.6,46.3,
2002-03,TOR,Toronto Raptors,100.5,45.8,
2003-04,TOR,Toronto Raptors,97,45.4,
2004-05,TOR,Toronto Raptors,106.9,49.2,
2005-06,TOR,Toronto Raptors,109.5,50,
2006-07,TOR,Toronto Raptors,107,50.4,
2007-08,TOR,Toronto Raptors,110.2,51.1,
2008-09,TOR,Toronto Raptors,107,49.4,
2009-10,TOR,Toronto Raptors,111.3,52.1,
2010-11,TOR,Toronto Raptors,106.1,49.1,
2011-12,TOR,Toronto Raptors,100.8,47.5,
2012-13,TOR,Toronto Raptors,105.9,48.8,
2013-14,TOR,Toronto Raptors,108.8,49.8,
2014-15,TOR,Toronto Raptors,111,50.8,
2015-16,TOR,Toronto Raptors,110,50.4,
2016-17,TOR,Toronto Raptors,112.3,51.7,
2017-18,TOR,Toronto Raptors,113.7,53.6,
1979-80,UTA,Utah Jazz,104.2,50,
1980-81,UTA,Utah Jazz,103.4,49.1,
1981-82,UTA,Utah Jazz,106.2,49.6,
1982-83,UTA,Utah Jazz,101.2,48.3,
1983-84,UTA,Utah Jazz,109,50.5,
1984-85,UTA,Utah Jazz,103.3,48.3,
1985-86,UTA,Utah Jazz,104.2,49,
1986-87,UTA,Utah Jazz,104.1,47.3,
1987-88,UTA,Utah Jazz,106.8,50,
1988-89,UTA,Utah Jazz,106.6,49.1,
1989-90,UTA,Utah Jazz,110.3,52.2,
1990-91,UTA,Utah Jazz,108.6,50.3,
1991-92,UTA,Utah Jazz,112.2,50.4,
1992-93,UTA,Utah Jazz,109.6,49.8,
1993-94,UTA,Utah Jazz,108.6,49,
1994-95,UTA,Utah Jazz,114.3,53.5,
1995-96,UTA,Utah Jazz,113.3,51.7,
1996-97,UTA,Utah Jazz,113.6,53,
1997-98,UTA,Utah Jazz,112.7,51,
1998-99,UTA,Utah Jazz,105.8,48.5,
1999-00,UTA,Utah Jazz,107.3,49,
2000-01,UTA,Utah Jazz,107.6,49.7,
2001-02,UTA,Utah Jazz,105.6,47.2,
2002-03,UTA,Utah Jazz,105.5,48.6,
2003-04,UTA,Utah Jazz,101.9,45.6,
2004-05,UTA,Utah Jazz,104.7,46.9,
2005-06,UTA,Utah Jazz,104.1,46.7,
2006-07,UTA,Utah Jazz,110.1,50.2,
2007-08,UTA,Utah Jazz,113.8,52.8,
2008-09,UTA,Utah Jazz,110.1,50.4,
2009-10,UTA,Utah Jazz,110.7,52.4,
2010-11,UTA,Utah Jazz,108.1,49.8,
2011-12,UTA,Utah Jazz,106.8,48.1,
2012-13,UTA,Utah Jazz,106.7,49.2,
2013-14,UTA,Utah Jazz,103.5,48.4,
2014-15,UTA,Utah Jazz,105.1,49.4,
2015-16,UTA,Utah Jazz,105.9,50.1,
2016-17,UTA,Utah Jazz,109.6,52.6,
2017-18,UTA,Utah Jazz,108.1,52.4,
1995-96,VAN,Vancouver Grizzlies,97.6,45.6,
1996-97,VAN,Vancouver Grizzlies,100.3,47.1,
1997-98,VAN,Vancouver Grizzlies,104.1,48.2,
1998-99,VAN,Vancouver Grizzlies,98.4,44.7,
1999-00,VAN,Vancouver Grizzlies,102.3,47.4,
2000-01,VAN,Vancouver Grizzlies,99.6,46.4,
1997-98,WAS,Washington Wizards,105.2,47.6,
1998-99,WAS,Washington Wizards,101.2,46.8,
1999-00,WAS,Washington Wizards,103.5,47.6,
2000-01,WAS,Washington Wizards,100.6,46,
2001-02,WAS,Washington Wizards,104.8,46.4,
2002-03,WAS,Washington Wizards,103,46,
2003-04,WAS,Washington Wizards,98.8,45.4,
2004-05,WAS,Washington Wizards,107.2,47.4,
2005-06,WAS,Washington Wizards,109.3,48.4,
2006-07,WAS,Washington Wizards,110.1,49.1,
2007-08,WAS,Washington Wizards,109.2,48.9,
2008-09,WAS,Washington Wizards,105.4,48,
2009-10,WAS,Washington Wizards,104.2,48.1,
2010-11,WAS,Washington Wizards,102.4,47.1,
2011-12,WAS,Washington Wizards,101,47.2,
2012-13,WAS,Washington Wizards,100.2,47.5,
2013-14,WAS,Washington Wizards,106,50.6,
2014-15,WAS,Washington Wizards,103.7,49.9,
2015-16,WAS,Washington Wizards,105.3,51.1,
2016-17,WAS,Washington Wizards,111.2,52.8,
2017-18,WAS,Washington Wizards,109.7,52.4,
1976-77,WSB,Washington Wizards,99.3,47,
1977-78,WSB,Washington Wizards,101.3,46.1,
1978-79,WSB,Washington Wizards,107.4,48.5,
1979-80,WSB,Washington Wizards,103.2,46.3,
1980-81,WSB,Washington Wizards,102.7,47.6,
1981-82,WSB,Washington Wizards,103.3,47.8,
1982-83,WSB,Washington Wizards,99.1,47.3,
1983-84,WSB,Washington Wizards,104.2,48.9,
1984-85,WSB,Washington Wizards,104.3,48.6,
1985-86,WSB,Washington Wizards,103,47.1,
1986-87,WSB,Washington Wizards,105.7,45.7,
1987-88,WSB,Washington Wizards,106.5,47,
1988-89,WSB,Washington Wizards,106.4,46.7,
1989-90,WSB,Washington Wizards,107.5,47.7,
1990-91,WSB,Washington Wizards,103,47,
1991-92,WSB,Washington Wizards,103.9,47.1,
1992-93,WSB,Washington Wizards,103.6,48,
1993-94,WSB,Washington Wizards,104.5,48.4,
1994-95,WSB,Washington Wizards,105.4,49.2,
1995-96,WSB,Washington Wizards,108.7,52.1,
1996-97,WSB,Washington Wizards,106.6,50.5,