year	category	"n"
1950	Alabama	2
1950	Alaska	0
1950	Arkansas	13
1950	Arizona	0
1950	California	0
1950	Colorado	3
1950	Connecticut	2
1950	D.C.	0
1950	Delaware	0
1950	Florida	6
1950	Georgia	4
1950	Hawaii	0
1950	Iowa	4
1950	Idaho	0
1950	Illinois	11
1950	Indiana	3
1950	Kansas	33
1950	Kentucky	2
1950	Louisiana	28
1950	Massachusetts	0
1950	Maryland	1
1950	Maine	0
1950	Michigan	0
1950	Minnesota	1
1950	Missouri	6
1950	Mississippi	16
1950	Montana	0
1950	North Carolina	9
1950	North Dakota	2
1950	Nebraska	6
1950	New Hampshire	0
1950	New Jersey	0
1950	New Mexico	2
1950	Nevada	0
1950	New York	0
1950	Ohio	3
1950	Oklahoma	25
1950	Oregon	0
1950	Pennsylvania	6
1950	Puerto Rico	0
1950	Rhode Island	0
1950	South Carolina	1
1950	South Dakota	1
1950	Tennessee	3
1950	Texas	20
1950	Utah	0
1950	Virginia	0
1950	Vermont	0
1950	Washington	0
1950	Wisconsin	6
1950	West Virginia	1
1950	Wyoming	3
1951	Alabama	5
1951	Alaska	0
1951	Arkansas	3
1951	Arizona	0
1951	California	1
1951	Colorado	8
1951	Connecticut	3
1951	D.C.	0
1951	Delaware	0
1951	Florida	9
1951	Georgia	3
1951	Hawaii	0
1951	Iowa	5
1951	Idaho	0
1951	Illinois	5
1951	Indiana	5
1951	Kansas	77
1951	Kentucky	2
1951	Louisiana	10
1951	Massachusetts	2
1951	Maryland	0
1951	Maine	0
1951	Michigan	8
1951	Minnesota	4
1951	Missouri	6
1951	Mississippi	9
1951	Montana	0
1951	North Carolina	4
1951	North Dakota	2
1951	Nebraska	9
1951	New Hampshire	1
1951	New Jersey	1
1951	New Mexico	2
1951	Nevada	0
1951	New York	0
1951	Ohio	3
1951	Oklahoma	45
1951	Oregon	1
1951	Pennsylvania	4
1951	Puerto Rico	0
1951	Rhode Island	0
1951	South Carolina	1
1951	South Dakota	2
1951	Tennessee	1
1951	Texas	15
1951	Utah	0
1951	Virginia	5
1951	Vermont	0
1951	Washington	0
1951	Wisconsin	7
1951	West Virginia	1
1951	Wyoming	0
1952	Alabama	13
1952	Alaska	0
1952	Arkansas	29
1952	Arizona	1
1952	California	1
1952	Colorado	3
1952	Connecticut	0
1952	D.C.	0
1952	Delaware	0
1952	Florida	10
1952	Georgia	13
1952	Hawaii	0
1952	Iowa	6
1952	Idaho	0
1952	Illinois	4
1952	Indiana	2
1952	Kansas	21
1952	Kentucky	3
1952	Louisiana	11
1952	Massachusetts	0
1952	Maryland	4
1952	Maine	0
1952	Michigan	0
1952	Minnesota	11
1952	Missouri	11
1952	Mississippi	7
1952	Montana	2
1952	North Carolina	7
1952	North Dakota	11
1952	Nebraska	11
1952	New Hampshire	0
1952	New Jersey	4
1952	New Mexico	0
1952	Nevada	0
1952	New York	1
1952	Ohio	2
1952	Oklahoma	25
1952	Oregon	0
1952	Pennsylvania	7
1952	Puerto Rico	0
1952	Rhode Island	0
1952	South Carolina	3
1952	South Dakota	5
1952	Tennessee	26
1952	Texas	13
1952	Utah	0
1952	Virginia	3
1952	Vermont	0
1952	Washington	0
1952	Wisconsin	1
1953	West Virginia	0
1953	Wyoming	1
1953	Alabama	22
1953	Alaska	0
1953	Arkansas	11
1953	Arizona	0
1953	California	2
1953	Colorado	14
1953	Connecticut	0
1953	D.C.	0
1953	Delaware	0
1953	Florida	21
1953	Georgia	12
1953	Hawaii	0
1953	Iowa	32
1953	Idaho	0
1953	Illinois	5
1953	Indiana	9
1953	Kansas	30
1953	Kentucky	0
1953	Louisiana	32
1953	Massachusetts	4
1953	Maryland	2
1953	Maine	2
1953	Michigan	20
1953	Minnesota	10
1953	Missouri	6
1953	Mississippi	26
1953	Montana	5
1953	North Carolina	5
1953	North Dakota	10
1953	Nebraska	49
1953	New Hampshire	2
1953	New Jersey	0
1953	New Mexico	0
1953	Nevada	0
1953	New York	0
1953	Ohio	8
1953	Oklahoma	56
1953	Oregon	0
1953	Pennsylvania	6
1953	Puerto Rico	0
1953	Rhode Island	0
1953	South Carolina	4
1953	South Dakota	12
1953	Tennessee	17
1953	Texas	33
1953	Utah	2
1953	Virginia	6
1953	Vermont	1
1953	Washington	0
1953	Wisconsin	9
1953	West Virginia	0
1953	Wyoming	7
1954	Alabama	10
1954	Alaska	0
1954	Arkansas	33
1954	Arizona	2
1954	California	1
1954	Colorado	9
1954	Connecticut	2
1954	D.C.	0
1954	Delaware	1
1954	Florida	13
1954	Georgia	37
1954	Hawaii	0
1954	Iowa	19
1954	Idaho	3
1954	Illinois	9
1954	Indiana	32
1954	Kansas	68
1954	Kentucky	3
1954	Louisiana	11
1954	Massachusetts	2
1954	Maryland	2
1954	Maine	2
1954	Michigan	12
1954	Minnesota	7
1954	Missouri	40
1954	Mississippi	19
1954	Montana	4
1954	North Carolina	9
1954	North Dakota	4
1954	Nebraska	19
1954	New Hampshire	1
1954	New Jersey	0
1954	New Mexico	8
1954	Nevada	0
1954	New York	2
1954	Ohio	13
1954	Oklahoma	61
1954	Oregon	1
1954	Pennsylvania	22
1954	Puerto Rico	0
1954	Rhode Island	0
1954	South Carolina	1
1954	South Dakota	16
1954	Tennessee	2
1954	Texas	84
1954	Utah	1
1954	Virginia	5
1954	Vermont	0
1954	Washington	1
1954	Wisconsin	13
1954	West Virginia	3
1954	Wyoming	2
1955	Alabama	8
1955	Alaska	0
1955	Arkansas	28
1955	Arizona	1
1955	California	3
1955	Colorado	19
1955	Connecticut	2
1955	D.C.	0
1955	Delaware	1
1955	Florida	12
1955	Georgia	16
1955	Hawaii	2
1955	Iowa	7
1955	Idaho	1
1955	Illinois	27
1955	Indiana	17
1955	Kansas	101
1955	Kentucky	3
1955	Louisiana	3
1955	Massachusetts	4
1955	Maryland	0
1955	Maine	0
1955	Michigan	13
1955	Minnesota	12
1955	Missouri	34
1955	Mississippi	7
1955	Montana	3
1955	North Carolina	6
1955	North Dakota	12
1955	Nebraska	34
1955	New Hampshire	1
1955	New Jersey	1
1955	New Mexico	1
1955	Nevada	0
1955	New York	1
1955	Ohio	6
1955	Oklahoma	77
1955	Oregon	0
1955	Pennsylvania	3
1955	Puerto Rico	0
1955	Rhode Island	0
1955	South Carolina	7
1955	South Dakota	14
1955	Tennessee	16
1955	Texas	110
1955	Utah	3
1955	Virginia	1
1955	Vermont	2
1955	Washington	0
1955	Wisconsin	9
1955	West Virginia	0
1955	Wyoming	4
1956	Alabama	7
1956	Alaska	0
1956	Arkansas	17
1956	Arizona	3
1956	California	2
1956	Colorado	10
1956	Connecticut	1
1956	D.C.	0
1956	Delaware	0
1956	Florida	10
1956	Georgia	18
1956	Hawaii	0
1956	Iowa	7
1956	Idaho	5
1956	Illinois	30
1956	Indiana	35
1956	Kansas	78
1956	Kentucky	10
1956	Louisiana	6
1956	Massachusetts	10
1956	Maryland	0
1956	Maine	2
1956	Michigan	34
1956	Minnesota	9
1956	Missouri	24
1956	Mississippi	8
1956	Montana	0
1956	North Carolina	10
1956	North Dakota	14
1956	Nebraska	36
1956	New Hampshire	2
1956	New Jersey	4
1956	New Mexico	4
1956	Nevada	0
1956	New York	1
1956	Ohio	10
1956	Oklahoma	56
1956	Oregon	0
1956	Pennsylvania	6
1956	Puerto Rico	0
1956	Rhode Island	0
1956	South Carolina	6
1956	South Dakota	12
1956	Tennessee	9
1956	Texas	56
1956	Utah	0
1956	Virginia	4
1956	Vermont	0
1956	Washington	1
1956	Wisconsin	7
1956	West Virginia	1
1956	Wyoming	2
1957	Alabama	51
1957	Alaska	0
1957	Arkansas	28
1957	Arizona	5
1957	California	1
1957	Colorado	26
1957	Connecticut	1
1957	D.C.	0
1957	Delaware	2
1957	Florida	17
1957	Georgia	23
1957	Hawaii	1
1957	Iowa	17
1957	Idaho	1
1957	Illinois	46
1957	Indiana	27
1957	Kansas	66
1957	Kentucky	4
1957	Louisiana	33
1957	Massachusetts	7
1957	Maryland	0
1957	Maine	1
1957	Michigan	13
1957	Minnesota	16
1957	Missouri	48
1957	Mississippi	34
1957	Montana	1
1957	North Carolina	13
1957	North Dakota	13
1957	Nebraska	55
1957	New Hampshire	1
1957	New Jersey	1
1957	New Mexico	17
1957	Nevada	0
1957	New York	1
1957	Ohio	4
1957	Oklahoma	118
1957	Oregon	2
1957	Pennsylvania	8
1957	Puerto Rico	0
1957	Rhode Island	0
1957	South Carolina	9
1957	South Dakota	20
1957	Tennessee	18
1957	Texas	154
1957	Utah	1
1957	Virginia	4
1957	Vermont	2
1957	Washington	3
1957	Wisconsin	13
1957	West Virginia	1
1957	Wyoming	3
1958	Alabama	23
1958	Alaska	0
1958	Arkansas	7
1958	Arizona	4
1958	California	10
1958	Colorado	18
1958	Connecticut	3
1958	D.C.	0
1958	Delaware	1
1958	Florida	27
1958	Georgia	11
1958	Hawaii	0
1958	Iowa	16
1958	Idaho	1
1958	Illinois	33
1958	Indiana	25
1958	Kansas	49
1958	Kentucky	8
1958	Louisiana	5
1958	Massachusetts	12
1958	Maryland	2
1958	Maine	7
1958	Michigan	7
1958	Minnesota	14
1958	Missouri	38
1958	Mississippi	23
1958	Montana	4
1958	North Carolina	4
1958	North Dakota	9
1958	Nebraska	55
1958	New Hampshire	0
1958	New Jersey	4
1958	New Mexico	7
1958	Nevada	0
1958	New York	3
1958	Ohio	12
1958	Oklahoma	44
1958	Oregon	0
1958	Pennsylvania	2
1958	Puerto Rico	0
1958	Rhode Island	0
1958	South Carolina	5
1958	South Dakota	1
1958	Tennessee	2
1958	Texas	75
1958	Utah	0
1958	Virginia	1
1958	Vermont	0
1958	Washington	2
1958	Wisconsin	21
1958	West Virginia	0
1958	Wyoming	13
1959	Alabama	9
1959	Alaska	0
1959	Arkansas	12
1959	Arizona	2
1959	California	1
1959	Colorado	1
1959	Connecticut	3
1959	D.C.	0
1959	Delaware	0
1959	Florida	18
1959	Georgia	10
1959	Hawaii	0
1959	Iowa	26
1959	Idaho	2
1959	Illinois	37
1959	Indiana	16
1959	Kansas	67
1959	Kentucky	3
1959	Louisiana	12
1959	Massachusetts	0
1959	Maryland	2
1959	Maine	6
1959	Michigan	2
1959	Minnesota	14
1959	Missouri	39
1959	Mississippi	22
1959	Montana	3
1959	North Carolina	11
1959	North Dakota	11
1959	Nebraska	45
1959	New Hampshire	1
1959	New Jersey	0
1959	New Mexico	16
1959	Nevada	0
1959	New York	3
1959	Ohio	10
1959	Oklahoma	72
1959	Oregon	0
1959	Pennsylvania	0
1959	Puerto Rico	0
1959	Rhode Island	0
1959	South Carolina	4
1959	South Dakota	11
1959	Tennessee	3
1959	Texas	87
1959	Utah	0
1959	Virginia	12
1959	Vermont	0
1959	Washington	0
1959	Wisconsin	32
1959	West Virginia	1
1959	Wyoming	4
1960	Alabama	11
1960	Alaska	0
1960	Arkansas	29
1960	Arizona	2
1960	California	1
1960	Colorado	14
1960	Connecticut	0
1960	D.C.	0
1960	Delaware	0
1960	Florida	31
1960	Georgia	7
1960	Hawaii	0
1960	Iowa	29
1960	Idaho	0
1960	Illinois	43
1960	Indiana	13
1960	Kansas	61
1960	Kentucky	2
1960	Louisiana	9
1960	Massachusetts	1
1960	Maryland	2
1960	Maine	1
1960	Michigan	6
1960	Minnesota	7
1960	Missouri	39
1960	Mississippi	8
1960	Montana	3
1960	North Carolina	10
1960	North Dakota	16
1960	Nebraska	43
1960	New Hampshire	1
1960	New Jersey	6
1960	New Mexico	6
1960	Nevada	0
1960	New York	4
1960	Ohio	7
1960	Oklahoma	112
1960	Oregon	1
1960	Pennsylvania	3
1960	Puerto Rico	0
1960	Rhode Island	0
1960	South Carolina	4
1960	South Dakota	9
1960	Tennessee	2
1960	Texas	77
1960	Utah	0
1960	Virginia	5
1960	Vermont	2
1960	Washington	0
1960	Wisconsin	11
1960	West Virginia	0
1961	Wyoming	7
1961	Alabama	24
1961	Alaska	0
1961	Arkansas	40
1961	Arizona	3
1961	California	1
1961	Colorado	13
1961	Connecticut	1
1961	D.C.	0
1961	Delaware	1
1961	Florida	24
1961	Georgia	48
1961	Hawaii	0
1961	Iowa	16
1961	Idaho	4
1961	Illinois	46
1961	Indiana	39
1961	Kansas	49
1961	Kentucky	10
1961	Louisiana	25
1961	Massachusetts	3
1961	Maryland	4
1961	Maine	6
1961	Michigan	5
1961	Minnesota	8
1961	Missouri	43
1961	Mississippi	21
1961	Montana	2
1961	North Carolina	8
1961	North Dakota	2
1961	Nebraska	12
1961	New Hampshire	4
1961	New Jersey	0
1961	New Mexico	11
1961	Nevada	0
1961	New York	5
1961	Ohio	20
1961	Oklahoma	87
1961	Oregon	0
1961	Pennsylvania	7
1961	Puerto Rico	0
1961	Rhode Island	0
1961	South Carolina	13
1961	South Dakota	14
1961	Tennessee	3
1961	Texas	126
1961	Utah	1
1961	Virginia	4
1961	Vermont	3
1961	Washington	0
1961	Wisconsin	10
1961	West Virginia	2
1961	Wyoming	4
1962	Alabama	11
1962	Alaska	0
1962	Arkansas	6
1962	Arizona	3
1962	California	4
1962	Colorado	25
1962	Connecticut	3
1962	D.C.	0
1962	Delaware	2
1962	Florida	18
1962	Georgia	12
1962	Hawaii	0
1962	Iowa	12
1962	Idaho	3
1962	Illinois	13
1962	Indiana	15
1962	Kansas	63
1962	Kentucky	3
1962	Louisiana	20
1962	Massachusetts	2
1962	Maryland	3
1962	Maine	2
1962	Michigan	5
1962	Minnesota	15
1962	Missouri	22
1962	Mississippi	14
1962	Montana	10
1962	North Carolina	3
1962	North Dakota	9
1962	Nebraska	44
1962	New Hampshire	2
1962	New Jersey	3
1962	New Mexico	12
1962	Nevada	1
1962	New York	1
1962	Ohio	4
1962	Oklahoma	67
1962	Oregon	1
1962	Pennsylvania	4
1962	Puerto Rico	0
1962	Rhode Island	0
1962	South Carolina	10
1962	South Dakota	39
1962	Tennessee	1
1962	Texas	143
1962	Utah	1
1962	Virginia	8
1962	Vermont	5
1962	Washington	1
1962	Wisconsin	9
1962	West Virginia	1
1962	Wyoming	18
1963	Alabama	22
1964	Alaska	0
1964	Arkansas	2
1964	Arizona	1
1964	California	0
1964	Colorado	3
1964	Connecticut	1
1964	D.C.	0
1964	Delaware	0
1964	Florida	28
1964	Georgia	22
1964	Hawaii	2
1964	Iowa	15
1964	Idaho	0
1964	Illinois	15
1964	Indiana	33
1964	Kansas	31
1964	Kentucky	9
1964	Louisiana	9
1964	Massachusetts	8
1964	Maryland	2
1964	Maine	7
1964	Michigan	5
1964	Minnesota	7
1964	Missouri	16
1964	Mississippi	10
1964	Montana	3
1964	North Carolina	11
1964	North Dakota	5
1964	Nebraska	17
1964	New Hampshire	9
1964	New Jersey	0
1964	New Mexico	8
1964	Nevada	0
1964	New York	3
1964	Ohio	19
1964	Oklahoma	34
1964	Oregon	0
1964	Pennsylvania	4
1964	Puerto Rico	0
1964	Rhode Island	0
1964	South Carolina	11
1964	South Dakota	9
1964	Tennessee	14
1964	Texas	82
1964	Utah	1
1964	Virginia	1
1964	Vermont	1
1964	Washington	0
1964	Wisconsin	10
1964	West Virginia	1
1964	Wyoming	2
1965	Alabama	26
1965	Alaska	0
1965	Arkansas	29
1965	Arizona	2
1965	California	4
1965	Colorado	2
1965	Connecticut	0
1965	D.C.	0
1965	Delaware	1
1965	Florida	37
1965	Georgia	19
1965	Hawaii	0
1965	Iowa	55
1965	Idaho	2
1965	Illinois	8
1965	Indiana	9
1965	Kansas	96
1965	Kentucky	17
1965	Louisiana	16
1965	Massachusetts	5
1965	Maryland	0
1965	Maine	0
1965	Michigan	14
1965	Minnesota	23
1965	Missouri	26
1965	Mississippi	5
1965	Montana	6
1965	North Carolina	15
1965	North Dakota	11
1965	Nebraska	46
1965	New Hampshire	1
1965	New Jersey	6
1965	New Mexico	11
1965	Nevada	4
1965	New York	1
1965	Ohio	9
1965	Oklahoma	58
1965	Oregon	0
1965	Pennsylvania	6
1965	Puerto Rico	0
1965	Rhode Island	0
1965	South Carolina	21
1965	South Dakota	33
1965	Tennessee	7
1965	Texas	78
1965	Utah	1
1965	Virginia	2
1965	Vermont	0
1965	Washington	3
1965	Wisconsin	37
1965	West Virginia	1
1965	Wyoming	7
1966	Alabama	11
1966	Alaska	0
1966	Arkansas	5
1966	Arizona	5
1966	California	5
1966	Colorado	11
1966	Connecticut	1
1966	D.C.	0
1966	Delaware	0
1966	Florida	30
1966	Georgia	21
1966	Hawaii	0
1966	Iowa	41
1966	Idaho	0
1966	Illinois	11
1966	Indiana	12
1966	Kansas	35
1966	Kentucky	4
1966	Louisiana	12
1966	Massachusetts	5
1966	Maryland	2
1966	Maine	2
1966	Michigan	11
1966	Minnesota	24
1966	Missouri	40
1966	Mississippi	38
1966	Montana	2
1966	North Carolina	8
1966	North Dakota	29
1966	Nebraska	10
1966	New Hampshire	4
1966	New Jersey	0
1966	New Mexico	16
1966	Nevada	0
1966	New York	1
1966	Ohio	3
1966	Oklahoma	37
1966	Oregon	3
1966	Pennsylvania	4
1966	Puerto Rico	0
1966	Rhode Island	0
1966	South Carolina	10
1966	South Dakota	30
1966	Tennessee	6
1966	Texas	77
1966	Utah	2
1966	Virginia	6
1966	Vermont	1
1966	Washington	1
1966	Wisconsin	24
1966	West Virginia	2
1966	Wyoming	4
1967	Alabama	26
1967	Alaska	0
1967	Arkansas	20
1967	Arizona	5
1967	California	5
1967	Colorado	21
1967	Connecticut	0
1967	D.C.	0
1967	Delaware	0
1967	Florida	23
1967	Georgia	25
1967	Hawaii	2
1967	Iowa	53
1967	Idaho	5
1967	Illinois	43
1967	Indiana	32
1967	Kansas	30
1967	Kentucky	17
1967	Louisiana	20
1967	Massachusetts	1
1967	Maryland	5
1967	Maine	1
1967	Michigan	19
1967	Minnesota	32
1967	Missouri	76
1967	Mississippi	22
1967	Montana	0
1967	North Carolina	8
1967	North Dakota	16
1967	Nebraska	41
1967	New Hampshire	1
1967	New Jersey	1
1967	New Mexico	8
1967	Nevada	2
1967	New York	2
1967	Ohio	6
1967	Oklahoma	52
1967	Oregon	3
1967	Pennsylvania	3
1967	Puerto Rico	0
1967	Rhode Island	0
1967	South Carolina	11
1967	South Dakota	27
1967	Tennessee	15
1967	Texas	232
1967	Utah	2
1967	Virginia	3
1967	Vermont	0
1967	Washington	0
1967	Wisconsin	33
1967	West Virginia	5
1967	Wyoming	8
1968	Alabama	14
1968	Alaska	0
1968	Arkansas	23
1968	Arizona	5
1968	California	0
1968	Colorado	6
1968	Connecticut	3
1968	D.C.	0
1968	Delaware	0
1968	Florida	61
1968	Georgia	24
1968	Hawaii	0
1968	Iowa	28
1968	Idaho	1
1968	Illinois	9
1968	Indiana	18
1968	Kansas	24
1968	Kentucky	12
1968	Louisiana	17
1968	Massachusetts	6
1968	Maryland	0
1968	Maine	2
1968	Michigan	21
1968	Minnesota	40
1968	Missouri	32
1968	Mississippi	23
1968	Montana	1
1968	North Carolina	6
1968	North Dakota	7
1968	Nebraska	21
1968	New Hampshire	4
1968	New Jersey	0
1968	New Mexico	2
1968	Nevada	0
1968	New York	2
1968	Ohio	20
1968	Oklahoma	56
1968	Oregon	2
1968	Pennsylvania	5
1968	Puerto Rico	0
1968	Rhode Island	0
1968	South Carolina	8
1968	South Dakota	21
1968	Tennessee	14
1968	Texas	139
1968	Utah	4
1968	Virginia	2
1968	Vermont	0
1968	Washington	0
1968	Wisconsin	22
1968	West Virginia	1
1968	Wyoming	9
1969	Alabama	15
1969	Alaska	0
1969	Arkansas	2
1969	Arizona	4
1969	California	1
1969	Colorado	10
1969	Connecticut	0
1969	D.C.	0
1969	Delaware	0
1969	Florida	58
1969	Georgia	17
1969	Hawaii	0
1969	Iowa	28
1969	Idaho	1
1969	Illinois	10
1969	Indiana	19
1969	Kansas	19
1969	Kentucky	5
1969	Louisiana	19
1969	Massachusetts	1
1969	Maryland	2
1969	Maine	1
1969	Michigan	9
1969	Minnesota	30
1969	Missouri	26
1969	Mississippi	33
1969	Montana	2
1969	North Carolina	10
1969	North Dakota	7
1969	Nebraska	20
1969	New Hampshire	2
1969	New Jersey	0
1969	New Mexico	10
1969	Nevada	0
1969	New York	9
1969	Ohio	21
1969	Oklahoma	31
1969	Oregon	1
1969	Pennsylvania	2
1969	Puerto Rico	0
1969	Rhode Island	0
1969	South Carolina	11
1969	South Dakota	30
1969	Tennessee	2
1969	Texas	131
1969	Utah	3
1969	Virginia	7
1969	Vermont	1
1969	Washington	1
1969	Wisconsin	30
1969	West Virginia	3
1969	Wyoming	6
1970	Alabama	14
1970	Alaska	0
1970	Arkansas	21
1970	Arizona	3
1970	California	2
1970	Colorado	5
1970	Connecticut	1
1970	D.C.	0
1970	Delaware	0
1970	Florida	48
1970	Georgia	20
1970	Hawaii	0
1970	Iowa	22
1970	Idaho	0
1970	Illinois	17
1970	Indiana	19
1970	Kansas	31
1970	Kentucky	10
1970	Louisiana	16
1970	Massachusetts	8
1970	Maryland	0
1970	Maine	2
1970	Michigan	3
1970	Minnesota	15
1970	Missouri	38
1970	Mississippi	28
1970	Montana	1
1970	North Carolina	2
1970	North Dakota	12
1970	Nebraska	14
1970	New Hampshire	4
1970	New Jersey	2
1970	New Mexico	11
1970	Nevada	1
1970	New York	4
1970	Ohio	23
1970	Oklahoma	58
1970	Oregon	1
1970	Pennsylvania	12
1970	Puerto Rico	0
1970	Rhode Island	0
1970	South Carolina	1
1970	South Dakota	31
1970	Tennessee	17
1970	Texas	136
1970	Utah	5
1970	Virginia	4
1970	Vermont	1
1970	Washington	2
1970	Wisconsin	31
1970	West Virginia	4
1970	Wyoming	0
1971	Alabama	23
1971	Alaska	0
1971	Arkansas	16
1971	Arizona	7
1971	California	2
1971	Colorado	16
1971	Connecticut	2
1971	D.C.	0
1971	Delaware	0
1971	Florida	59
1971	Georgia	50
1971	Hawaii	5
1971	Iowa	35
1971	Idaho	0
1971	Illinois	17
1971	Indiana	17
1971	Kansas	39
1971	Kentucky	20
1971	Louisiana	23
1971	Massachusetts	6
1971	Maryland	3
1971	Maine	11
1971	Michigan	9
1971	Minnesota	24
1971	Missouri	44
1971	Mississippi	56
1971	Montana	8
1971	North Carolina	5
1971	North Dakota	16
1971	Nebraska	52
1971	New Hampshire	0
1971	New Jersey	3
1971	New Mexico	12
1971	Nevada	1
1971	New York	5
1971	Ohio	15
1971	Oklahoma	41
1971	Oregon	1
1971	Pennsylvania	4
1971	Puerto Rico	0
1971	Rhode Island	0
1971	South Carolina	4
1971	South Dakota	47
1971	Tennessee	20
1971	Texas	193
1971	Utah	1
1971	Virginia	2
1971	Vermont	0
1971	Washington	3
1971	Wisconsin	38
1971	West Virginia	1
1971	Wyoming	7
1972	Alabama	16
1972	Alaska	0
1972	Arkansas	14
1972	Arizona	17
1972	California	4
1972	Colorado	11
1972	Connecticut	3
1972	D.C.	0
1972	Delaware	0
1972	Florida	77
1972	Georgia	44
1972	Hawaii	0
1972	Iowa	25
1972	Idaho	2
1972	Illinois	36
1972	Indiana	9
1972	Kansas	46
1972	Kentucky	12
1972	Louisiana	17
1972	Massachusetts	10
1972	Maryland	1
1972	Maine	2
1972	Michigan	17
1972	Minnesota	5
1972	Missouri	14
1972	Mississippi	36
1972	Montana	4
1972	North Carolina	4
1972	North Dakota	9
1972	Nebraska	30
1972	New Hampshire	8
1972	New Jersey	0
1972	New Mexico	18
1972	Nevada	0
1972	New York	6
1972	Ohio	10
1972	Oklahoma	33
1972	Oregon	1
1972	Pennsylvania	3
1972	Puerto Rico	0
1972	Rhode Island	1
1972	South Carolina	6
1972	South Dakota	31
1972	Tennessee	12
1972	Texas	145
1972	Utah	0
1972	Virginia	2
1972	Vermont	2
1972	Washington	4
1972	Wisconsin	23
1972	West Virginia	1
1972	Wyoming	4
1973	Alabama	53
1973	Alaska	0
1973	Arkansas	54
1973	Arizona	2
1973	California	1
1973	Colorado	11
1973	Connecticut	8
1973	D.C.	0
1973	Delaware	1
1973	Florida	50
1973	Georgia	36
1973	Hawaii	1
1973	Iowa	33
1973	Idaho	2
1973	Illinois	65
1973	Indiana	49
1973	Kansas	67
1973	Kentucky	19
1973	Louisiana	35
1973	Massachusetts	3
1973	Maryland	4
1973	Maine	3
1973	Michigan	35
1973	Minnesota	22
1973	Missouri	87
1973	Mississippi	46
1973	Montana	2
1973	North Carolina	41
1973	North Dakota	10
1973	Nebraska	19
1973	New Hampshire	2
1973	New Jersey	8
1973	New Mexico	2
1973	Nevada	2
1973	New York	6
1973	Ohio	55
1973	Oklahoma	85
1973	Oregon	1
1973	Pennsylvania	12
1973	Puerto Rico	0
1973	Rhode Island	0
1973	South Carolina	28
1973	South Dakota	28
1973	Tennessee	24
1973	Texas	152
1973	Utah	0
1973	Virginia	6
1973	Vermont	2
1973	Washington	0
1973	Wisconsin	19
1973	West Virginia	1
1973	Wyoming	6
1974	Alabama	55
1974	Alaska	0
1974	Arkansas	14
1974	Arizona	10
1974	California	3
1974	Colorado	12
1974	Connecticut	2
1974	D.C.	0
1974	Delaware	0
1974	Florida	58
1974	Georgia	44
1974	Hawaii	0
1974	Iowa	27
1974	Idaho	0
1974	Illinois	111
1974	Indiana	63
1974	Kansas	45
1974	Kentucky	59
1974	Louisiana	63
1974	Massachusetts	1
1974	Maryland	4
1974	Maine	1
1974	Michigan	43
1974	Minnesota	14
1974	Missouri	20
1974	Mississippi	35
1974	Montana	0
1974	North Carolina	23
1974	North Dakota	26
1974	Nebraska	36
1974	New Hampshire	1
1974	New Jersey	2
1974	New Mexico	6
1974	Nevada	1
1974	New York	5
1974	Ohio	25
1974	Oklahoma	55
1974	Oregon	1
1974	Pennsylvania	7
1974	Puerto Rico	1
1974	Rhode Island	0
1974	South Carolina	11
1974	South Dakota	14
1974	Tennessee	57
1974	Texas	118
1974	Utah	0
1974	Virginia	11
1974	Vermont	0
1974	Washington	0
1974	Wisconsin	18
1974	West Virginia	8
1974	Wyoming	10
1975	Alabama	35
1975	Alaska	0
1975	Arkansas	23
1975	Arizona	1
1975	California	3
1975	Colorado	20
1975	Connecticut	2
1975	D.C.	0
1975	Delaware	5
1975	Florida	104
1975	Georgia	25
1975	Hawaii	1
1975	Iowa	40
1975	Idaho	0
1975	Illinois	46
1975	Indiana	24
1975	Kansas	17
1975	Kentucky	1
1975	Louisiana	57
1975	Massachusetts	2
1975	Maryland	10
1975	Maine	2
1975	Michigan	26
1975	Minnesota	14
1975	Missouri	21
1975	Mississippi	42
1975	Montana	10
1975	North Carolina	38
1975	North Dakota	17
1975	Nebraska	80
1975	New Hampshire	0
1975	New Jersey	3
1975	New Mexico	3
1975	Nevada	2
1975	New York	4
1975	Ohio	12
1975	Oklahoma	34
1975	Oregon	3
1975	Pennsylvania	15
1975	Puerto Rico	0
1975	Rhode Island	0
1975	South Carolina	12
1975	South Dakota	32
1975	Tennessee	13
1975	Texas	117
1975	Utah	0
1975	Virginia	24
1975	Vermont	0
1975	Washington	0
1975	Wisconsin	8
1975	West Virginia	5
1975	Wyoming	9
1976	Alabama	30
1976	Alaska	0
1976	Arkansas	33
1976	Arizona	5
1976	California	6
1976	Colorado	42
1976	Connecticut	1
1976	D.C.	0
1976	Delaware	2
1976	Florida	67
1976	Georgia	21
1976	Hawaii	0
1976	Iowa	26
1976	Idaho	0
1976	Illinois	37
1976	Indiana	45
1976	Kansas	21
1976	Kentucky	5
1976	Louisiana	19
1976	Massachusetts	1
1976	Maryland	4
1976	Maine	1
1976	Michigan	42
1976	Minnesota	14
1976	Missouri	15
1976	Mississippi	50
1976	Montana	2
1976	North Carolina	23
1976	North Dakota	52
1976	Nebraska	26
1976	New Hampshire	2
1976	New Jersey	1
1976	New Mexico	2
1976	Nevada	0
1976	New York	8
1976	Ohio	12
1976	Oklahoma	31
1976	Oregon	0
1976	Pennsylvania	24
1976	Puerto Rico	0
1976	Rhode Island	0
1976	South Carolina	14
1976	South Dakota	4
1976	Tennessee	11
1976	Texas	186
1976	Utah	0
1976	Virginia	9
1976	Vermont	0
1976	Washington	0
1976	Wisconsin	16
1976	West Virginia	1
1976	Wyoming	24
1977	Alabama	22
1977	Alaska	0
1977	Arkansas	20
1977	Arizona	2
1977	California	3
1977	Colorado	32
1977	Connecticut	0
1977	D.C.	0
1977	Delaware	3
1977	Florida	35
1977	Georgia	17
1977	Hawaii	0
1977	Iowa	38
1977	Idaho	0
1977	Illinois	35
1977	Indiana	14
1977	Kansas	22
1977	Kentucky	13
1977	Louisiana	48
1977	Massachusetts	2
1977	Maryland	2
1977	Maine	1
1977	Michigan	35
1977	Minnesota	31
1977	Missouri	22
1977	Mississippi	37
1977	Montana	6
1977	North Carolina	31
1977	North Dakota	33
1977	Nebraska	75
1977	New Hampshire	0
1977	New Jersey	2
1977	New Mexico	8
1977	Nevada	2
1977	New York	5
1977	Ohio	24
1977	Oklahoma	57
1977	Oregon	0
1977	Pennsylvania	13
1977	Puerto Rico	0
1977	Rhode Island	0
1977	South Carolina	12
1977	South Dakota	28
1977	Tennessee	15
1977	Texas	127
1977	Utah	0
1977	Virginia	12
1977	Vermont	0
1977	Washington	0
1977	Wisconsin	23
1977	West Virginia	2
1977	Wyoming	13
1978	Alabama	22
1978	Alaska	0
1978	Arkansas	57
1978	Arizona	2
1978	California	14
1978	Colorado	18
1978	Connecticut	0
1978	D.C.	0
1978	Delaware	0
1978	Florida	94
1978	Georgia	19
1978	Hawaii	1
1978	Iowa	27
1978	Idaho	2
1978	Illinois	16
1978	Indiana	24
1978	Kansas	31
1978	Kentucky	5
1978	Louisiana	29
1978	Massachusetts	1
1978	Maryland	9
1978	Maine	2
1978	Michigan	19
1978	Minnesota	28
1978	Missouri	10
1978	Mississippi	19
1978	Montana	13
1978	North Carolina	15
1978	North Dakota	35
1978	Nebraska	51
1978	New Hampshire	3
1978	New Jersey	0
1978	New Mexico	3
1978	Nevada	0
1978	New York	8
1978	Ohio	22
1978	Oklahoma	23
1978	Oregon	1
1978	Pennsylvania	18
1978	Puerto Rico	0
1978	Rhode Island	0
1978	South Carolina	8
1978	South Dakota	28
1978	Tennessee	9
1978	Texas	141
1978	Utah	0
1978	Virginia	6
1978	Vermont	0
1978	Washington	5
1978	Wisconsin	13
1978	West Virginia	3
1978	Wyoming	21
1979	Alabama	26
1979	Alaska	0
1979	Arkansas	47
1979	Arizona	3
1979	California	4
1979	Colorado	37
1979	Connecticut	1
1979	D.C.	0
1979	Delaware	2
1979	Florida	90
1979	Georgia	20
1979	Hawaii	0
1979	Iowa	61
1979	Idaho	1
1979	Illinois	12
1979	Indiana	15
1979	Kansas	35
1979	Kentucky	12
1979	Louisiana	9
1979	Massachusetts	2
1979	Maryland	8
1979	Maine	0
1979	Michigan	22
1979	Minnesota	26
1979	Missouri	11
1979	Mississippi	6
1979	Montana	5
1979	North Carolina	12
1979	North Dakota	25
1979	Nebraska	22
1979	New Hampshire	0
1979	New Jersey	2
1979	New Mexico	13
1979	Nevada	2
1979	New York	3
1979	Ohio	4
1979	Oklahoma	59
1979	Oregon	0
1979	Pennsylvania	14
1979	Puerto Rico	0
1979	Rhode Island	0
1979	South Carolina	8
1979	South Dakota	32
1979	Tennessee	7
1979	Texas	169
1979	Utah	0
1979	Virginia	11
1979	Vermont	0
1979	Washington	2
1979	Wisconsin	32
1979	West Virginia	4
1979	Wyoming	42
1980	Alabama	29
1980	Alaska	0
1980	Arkansas	26
1980	Arizona	2
1980	California	9
1980	Colorado	26
1980	Connecticut	0
1980	D.C.	0
1980	Delaware	0
1980	Florida	60
1980	Georgia	43
1980	Hawaii	1
1980	Iowa	50
1980	Idaho	1
1980	Illinois	16
1980	Indiana	38
1980	Kansas	21
1980	Kentucky	15
1980	Louisiana	17
1980	Massachusetts	0
1980	Maryland	3
1980	Maine	0
1980	Michigan	19
1980	Minnesota	17
1980	Missouri	15
1980	Mississippi	38
1980	Montana	7
1980	North Carolina	14
1980	North Dakota	31
1980	Nebraska	51
1980	New Hampshire	1
1980	New Jersey	1
1980	New Mexico	3
1980	Nevada	0
1980	New York	4
1980	Ohio	37
1980	Oklahoma	28
1980	Oregon	0
1980	Pennsylvania	20
1980	Puerto Rico	0
1980	Rhode Island	0
1980	South Carolina	11
1980	South Dakota	53
1980	Tennessee	18
1980	Texas	170
1980	Utah	0
1980	Virginia	6
1980	Vermont	0
1980	Washington	2
1980	Wisconsin	47
1980	West Virginia	7
1980	Wyoming	15
1981	Alabama	14
1981	Alaska	0
1981	Arkansas	12
1981	Arizona	3
1981	California	3
1981	Colorado	26
1981	Connecticut	0
1981	D.C.	0
1981	Delaware	0
1981	Florida	61
1981	Georgia	8
1981	Hawaii	0
1981	Iowa	36
1981	Idaho	2
1981	Illinois	36
1981	Indiana	12
1981	Kansas	40
1981	Kentucky	4
1981	Louisiana	21
1981	Massachusetts	1
1981	Maryland	2
1981	Maine	1
1981	Michigan	5
1981	Minnesota	46
1981	Missouri	37
1981	Mississippi	7
1981	Montana	3
1981	North Carolina	12
1981	North Dakota	15
1981	Nebraska	19
1981	New Hampshire	1
1981	New Jersey	3
1981	New Mexico	8
1981	Nevada	0
1981	New York	3
1981	Ohio	27
1981	Oklahoma	85
1981	Oregon	0
1981	Pennsylvania	17
1981	Puerto Rico	0
1981	Rhode Island	0
1981	South Carolina	11
1981	South Dakota	20
1981	Tennessee	8
1981	Texas	183
1981	Utah	2
1981	Virginia	5
1981	Vermont	0
1981	Washington	2
1981	Wisconsin	22
1981	West Virginia	3
1981	Wyoming	4
1982	Alabama	28
1982	Alaska	0
1982	Arkansas	102
1982	Arizona	1
1982	California	14
1982	Colorado	58
1982	Connecticut	1
1982	D.C.	0
1982	Delaware	0
1982	Florida	71
1982	Georgia	15
1982	Hawaii	3
1982	Iowa	36
1982	Idaho	1
1982	Illinois	39
1982	Indiana	5
1982	Kansas	67
1982	Kentucky	13
1982	Louisiana	40
1982	Massachusetts	0
1982	Maryland	1
1982	Maine	0
1982	Michigan	23
1982	Minnesota	21
1982	Missouri	93
1982	Mississippi	22
1982	Montana	3
1982	North Carolina	13
1982	North Dakota	19
1982	Nebraska	37
1982	New Hampshire	0
1982	New Jersey	1
1982	New Mexico	7
1982	Nevada	1
1982	New York	3
1982	Ohio	10
1982	Oklahoma	105
1982	Oregon	0
1982	Pennsylvania	4
1982	Puerto Rico	0
1982	Rhode Island	0
1982	South Carolina	9
1982	South Dakota	33
1982	Tennessee	8
1982	Texas	230
1982	Utah	3
1982	Virginia	1
1982	Vermont	1
1982	Washington	2
1982	Wisconsin	18
1982	West Virginia	2
1982	Wyoming	16
1983	Alabama	49
1983	Alaska	0
1983	Arkansas	17
1983	Arizona	5
1983	California	10
1983	Colorado	32
1983	Connecticut	1
1983	D.C.	0
1983	Delaware	1
1983	Florida	93
1983	Georgia	29
1983	Hawaii	1
1983	Iowa	33
1983	Idaho	2
1983	Illinois	14
1983	Indiana	5
1983	Kansas	32
1983	Kentucky	9
1983	Louisiana	71
1983	Massachusetts	2
1983	Maryland	4
1983	Maine	0
1983	Michigan	21
1983	Minnesota	20
1983	Missouri	23
1983	Mississippi	23
1983	Montana	4
1983	North Carolina	16
1983	North Dakota	26
1983	Nebraska	16
1983	New Hampshire	0
1983	New Jersey	1
1983	New Mexico	3
1983	Nevada	1
1983	New York	10
1983	Ohio	10
1983	Oklahoma	96
1983	Oregon	3
1983	Pennsylvania	21
1983	Puerto Rico	0
1983	Rhode Island	0
1983	South Carolina	13
1983	South Dakota	26
1983	Tennessee	6
1983	Texas	190
1983	Utah	0
1983	Virginia	14
1983	Vermont	1
1983	Washington	4
1983	Wisconsin	33
1983	West Virginia	0
1983	Wyoming	4
1984	Alabama	49
1984	Alaska	0
1984	Arkansas	17
1984	Arizona	5
1984	California	10
1984	Colorado	32
1984	Connecticut	1
1984	D.C.	0
1984	Delaware	1
1984	Florida	93
1984	Georgia	29
1984	Hawaii	1
1984	Iowa	33
1984	Idaho	2
1984	Illinois	14
1984	Indiana	5
1984	Kansas	32
1984	Kentucky	9
1984	Louisiana	71
1984	Massachusetts	2
1984	Maryland	4
1984	Maine	0
1984	Michigan	21
1984	Minnesota	20
1984	Missouri	23
1984	Mississippi	23
1984	Montana	4
1984	North Carolina	16
1984	North Dakota	26
1984	Nebraska	16
1984	New Hampshire	0
1984	New Jersey	1
1984	New Mexico	3
1984	Nevada	1
1984	New York	10
1984	Ohio	10
1984	Oklahoma	96
1984	Oregon	3
1984	Pennsylvania	21
1984	Puerto Rico	0
1984	Rhode Island	0
1984	South Carolina	13
1984	South Dakota	26
1984	Tennessee	6
1984	Texas	190
1984	Utah	0
1984	Virginia	14
1984	Vermont	1
1984	Washington	4
1984	Wisconsin	33
1984	West Virginia	0
1984	Wyoming	4
1985	Alabama	48
1985	Alaska	0
1985	Arkansas	12
1985	Arizona	3
1985	California	3
1985	Colorado	26
1985	Connecticut	2
1985	D.C.	0
1985	Delaware	0
1985	Florida	36
1985	Georgia	12
1985	Hawaii	1
1985	Iowa	28
1985	Idaho	3
1985	Illinois	17
1985	Indiana	8
1985	Kansas	22
1985	Kentucky	5
1985	Louisiana	24
1985	Massachusetts	1
1985	Maryland	0
1985	Maine	0
1985	Michigan	12
1985	Minnesota	35
1985	Missouri	15
1985	Mississippi	21
1985	Montana	2
1985	North Carolina	8
1985	North Dakota	32
1985	Nebraska	55
1985	New Hampshire	0
1985	New Jersey	3
1985	New Mexico	5
1985	Nevada	0
1985	New York	8
1985	Ohio	27
1985	Oklahoma	37
1985	Oregon	0
1985	Pennsylvania	53
1985	Puerto Rico	0
1985	Rhode Island	1
1985	South Carolina	9
1985	South Dakota	60
1985	Tennessee	10
1985	Texas	94
1985	Utah	0
1985	Virginia	4
1985	Vermont	0
1985	Washington	2
1985	Wisconsin	21
1985	West Virginia	1
1985	Wyoming	7
1986	Alabama	20
1986	Alaska	0
1986	Arkansas	3
1986	Arizona	2
1986	California	8
1986	Colorado	21
1986	Connecticut	0
1986	D.C.	0
1986	Delaware	0
1986	Florida	53
1986	Georgia	10
1986	Hawaii	2
1986	Iowa	47
1986	Idaho	10
1986	Illinois	24
1986	Indiana	26
1986	Kansas	37
1986	Kentucky	10
1986	Louisiana	17
1986	Massachusetts	3
1986	Maryland	0
1986	Maine	2
1986	Michigan	30
1986	Minnesota	20
1986	Missouri	21
1986	Mississippi	48
1986	Montana	4
1986	North Carolina	17
1986	North Dakota	30
1986	Nebraska	57
1986	New Hampshire	4
1986	New Jersey	1
1986	New Mexico	2
1986	Nevada	1
1986	New York	10
1986	Ohio	27
1986	Oklahoma	50
1986	Oregon	0
1986	Pennsylvania	7
1986	Puerto Rico	0
1986	Rhode Island	3
1986	South Carolina	1
1986	South Dakota	35
1986	Tennessee	7
1986	Texas	138
1986	Utah	4
1986	Virginia	8
1986	Vermont	1
1986	Washington	2
1986	Wisconsin	14
1986	West Virginia	2
1986	Wyoming	10
1987	Alabama	7
1987	Alaska	0
1987	Arkansas	2
1987	Arizona	3
1987	California	4
1987	Colorado	40
1987	Connecticut	0
1987	D.C.	0
1987	Delaware	0
1987	Florida	45
1987	Georgia	3
1987	Hawaii	2
1987	Iowa	44
1987	Idaho	7
1987	Illinois	24
1987	Indiana	17
1987	Kansas	23
1987	Kentucky	7
1987	Louisiana	26
1987	Massachusetts	0
1987	Maryland	0
1987	Maine	0
1987	Michigan	28
1987	Minnesota	23
1987	Missouri	6
1987	Mississippi	48
1987	Montana	1
1987	North Carolina	4
1987	North Dakota	22
1987	Nebraska	26
1987	New Hampshire	0
1987	New Jersey	9
1987	New Mexico	15
1987	Nevada	8
1987	New York	6
1987	Ohio	6
1987	Oklahoma	23
1987	Oregon	0
1987	Pennsylvania	6
1987	Puerto Rico	0
1987	Rhode Island	0
1987	South Carolina	2
1987	South Dakota	34
1987	Tennessee	1
1987	Texas	135
1987	Utah	3
1987	Virginia	5
1987	Vermont	1
1987	Washington	2
1987	Wisconsin	16
1987	West Virginia	0
1987	Wyoming	13
1988	Alabama	20
1988	Alaska	0
1988	Arkansas	21
1988	Arizona	1
1988	California	6
1988	Colorado	48
1988	Connecticut	0
1988	D.C.	0
1988	Delaware	3
1988	Florida	47
1988	Georgia	4
1988	Hawaii	1
1988	Iowa	67
1988	Idaho	9
1988	Illinois	24
1988	Indiana	16
1988	Kansas	24
1988	Kentucky	4
1988	Louisiana	36
1988	Massachusetts	0
1988	Maryland	0
1988	Maine	1
1988	Michigan	30
1988	Minnesota	5
1988	Missouri	20
1988	Mississippi	67
1988	Montana	20
1988	North Carolina	24
1988	North Dakota	28
1988	Nebraska	23
1988	New Hampshire	1
1988	New Jersey	6
1988	New Mexico	10
1988	Nevada	4
1988	New York	6
1988	Ohio	0
1988	Oklahoma	18
1988	Oregon	0
1988	Pennsylvania	6
1988	Puerto Rico	0
1988	Rhode Island	0
1988	South Carolina	2
1988	South Dakota	5
1988	Tennessee	14
1988	Texas	92
1988	Utah	1
1988	Virginia	6
1988	Vermont	2
1988	Washington	0
1988	Wisconsin	37
1988	West Virginia	0
1988	Wyoming	13
1989	Alabama	25
1989	Alaska	0
1989	Arkansas	19
1989	Arizona	1
1989	California	4
1989	Colorado	22
1989	Connecticut	4
1989	D.C.	0
1989	Delaware	3
1989	Florida	72
1989	Georgia	45
1989	Hawaii	0
1989	Iowa	40
1989	Idaho	2
1989	Illinois	19
1989	Indiana	26
1989	Kansas	31
1989	Kentucky	20
1989	Louisiana	49
1989	Massachusetts	7
1989	Maryland	1
1989	Maine	1
1989	Michigan	19
1989	Minnesota	12
1989	Missouri	13
1989	Mississippi	37
1989	Montana	6
1989	North Carolina	26
1989	North Dakota	12
1989	Nebraska	41
1989	New Hampshire	0
1989	New Jersey	17
1989	New Mexico	17
1989	Nevada	3
1989	New York	18
1989	Ohio	19
1989	Oklahoma	20
1989	Oregon	2
1989	Pennsylvania	14
1989	Puerto Rico	0
1989	Rhode Island	1
1989	South Carolina	20
1989	South Dakota	5
1989	Tennessee	13
1989	Texas	166
1989	Utah	6
1989	Virginia	9
1989	Vermont	1
1989	Washington	1
1989	Wisconsin	17
1989	West Virginia	4
1989	Wyoming	10
1990	Alabama	19
1990	Alaska	0
1990	Arkansas	21
1990	Arizona	3
1990	California	5
1990	Colorado	57
1990	Connecticut	1
1990	D.C.	0
1990	Delaware	1
1990	Florida	57
1990	Georgia	18
1990	Hawaii	0
1990	Iowa	80
1990	Idaho	9
1990	Illinois	64
1990	Indiana	69
1990	Kansas	109
1990	Kentucky	20
1990	Louisiana	74
1990	Massachusetts	3
1990	Maryland	10
1990	Maine	0
1990	Michigan	23
1990	Minnesota	13
1990	Missouri	33
1990	Mississippi	25
1990	Montana	6
1990	North Carolina	18
1990	North Dakota	25
1990	Nebraska	103
1990	New Hampshire	0
1990	New Jersey	8
1990	New Mexico	16
1990	Nevada	1
1990	New York	16
1990	Ohio	32
1990	Oklahoma	40
1990	Oregon	0
1990	Pennsylvania	19
1990	Puerto Rico	0
1990	Rhode Island	1
1990	South Carolina	14
1990	South Dakota	12
1990	Tennessee	10
1990	Texas	163
1990	Utah	4
1990	Virginia	17
1990	Vermont	0
1990	Washington	1
1990	Wisconsin	10
1990	West Virginia	5
1990	Wyoming	29
1991	Alabama	10
1991	Alaska	0
1991	Arkansas	15
1991	Arizona	2
1991	California	16
1991	Colorado	76
1991	Connecticut	0
1991	D.C.	0
1991	Delaware	1
1991	Florida	56
1991	Georgia	18
1991	Hawaii	0
1991	Iowa	62
1991	Idaho	11
1991	Illinois	36
1991	Indiana	15
1991	Kansas	130
1991	Kentucky	12
1991	Louisiana	39
1991	Massachusetts	1
1991	Maryland	1
1991	Maine	1
1991	Michigan	34
1991	Minnesota	38
1991	Missouri	19
1991	Mississippi	13
1991	Montana	30
1991	North Carolina	29
1991	North Dakota	17
1991	Nebraska	67
1991	New Hampshire	1
1991	New Jersey	1
1991	New Mexico	31
1991	Nevada	2
1991	New York	10
1991	Ohio	9
1991	Oklahoma	79
1991	Oregon	5
1991	Pennsylvania	22
1991	Puerto Rico	0
1991	Rhode Island	0
1991	South Carolina	10
1991	South Dakota	34
1991	Tennessee	9
1991	Texas	200
1991	Utah	5
1991	Virginia	2
1991	Vermont	0
1991	Washington	2
1991	Wisconsin	13
1991	West Virginia	1
1991	Wyoming	23
1992	Alabama	28
1992	Alaska	0
1992	Arkansas	6
1992	Arizona	13
1992	California	20
1992	Colorado	82
1992	Connecticut	4
1992	D.C.	0
1992	Delaware	6
1992	Florida	60
1992	Georgia	25
1992	Hawaii	0
1992	Iowa	30
1992	Idaho	4
1992	Illinois	23
1992	Indiana	55
1992	Kansas	94
1992	Kentucky	12
1992	Louisiana	87
1992	Massachusetts	2
1992	Maryland	13
1992	Maine	0
1992	Michigan	21
1992	Minnesota	43
1992	Missouri	24
1992	Mississippi	70
1992	Montana	9
1992	North Carolina	41
1992	North Dakota	16
1992	Nebraska	77
1992	New Hampshire	0
1992	New Jersey	4
1992	New Mexico	24
1992	Nevada	4
1992	New York	25
1992	Ohio	63
1992	Oklahoma	72
1992	Oregon	1
1992	Pennsylvania	31
1992	Puerto Rico	0
1992	Rhode Island	0
1992	South Carolina	14
1992	South Dakota	42
1992	Tennessee	8
1992	Texas	203
1992	Utah	4
1992	Virginia	5
1992	Vermont	0
1992	Washington	1
1992	Wisconsin	27
1992	West Virginia	1
1992	Wyoming	10
1993	Alabama	8
1993	Alaska	0
1993	Arkansas	15
1993	Arizona	7
1993	California	12
1993	Colorado	6
1993	Connecticut	0
1993	D.C.	0
1993	Delaware	5
1993	Florida	55
1993	Georgia	16
1993	Hawaii	0
1993	Iowa	7
1993	Idaho	6
1993	Illinois	12
1993	Indiana	2
1993	Kansas	70
1993	Kentucky	4
1993	Louisiana	10
1993	Massachusetts	0
1993	Maryland	6
1993	Maine	2
1993	Michigan	4
1993	Minnesota	13
1993	Missouri	23
1993	Mississippi	11
1993	Montana	5
1993	North Carolina	11
1993	North Dakota	5
1993	Nebraska	21
1993	New Hampshire	1
1993	New Jersey	2
1993	New Mexico	2
1993	Nevada	1
1993	New York	11
1993	Ohio	5
1993	Oklahoma	51
1993	Oregon	1
1993	Pennsylvania	6
1993	Puerto Rico	0
1993	Rhode Island	0
1993	South Carolina	11
1993	South Dakota	22
1993	Tennessee	12
1993	Texas	113
1993	Utah	5
1993	Virginia	25
1993	Vermont	1
1993	Washington	1
1993	Wisconsin	5
1993	West Virginia	0
1993	Wyoming	6
1994	Alabama	19
1994	Alaska	0
1994	Arkansas	16
1994	Arizona	5
1994	California	9
1994	Colorado	35
1994	Connecticut	1
1994	D.C.	0
1994	Delaware	4
1994	Florida	52
1994	Georgia	32
1994	Hawaii	0
1994	Iowa	49
1994	Idaho	3
1994	Illinois	17
1994	Indiana	18
1994	Kansas	41
1994	Kentucky	2
1994	Louisiana	8
1994	Massachusetts	0
1994	Maryland	6
1994	Maine	3
1994	Michigan	11
1994	Minnesota	34
1994	Missouri	34
1994	Mississippi	33
1994	Montana	6
1994	North Carolina	13
1994	North Dakota	25
1994	Nebraska	54
1994	New Hampshire	1
1994	New Jersey	7
1994	New Mexico	13
1994	Nevada	2
1994	New York	12
1994	Ohio	9
1994	Oklahoma	24
1994	Oregon	2
1994	Pennsylvania	22
1994	Puerto Rico	0
1994	Rhode Island	1
1994	South Carolina	40
1994	South Dakota	34
1994	Tennessee	27
1994	Texas	183
1994	Utah	0
1994	Virginia	2
1994	Vermont	0
1994	Washington	2
1994	Wisconsin	27
1994	West Virginia	2
1994	Wyoming	7
1995	Alabama	35
1995	Alaska	0
1995	Arkansas	24
1995	Arizona	4
1995	California	5
1995	Colorado	45
1995	Connecticut	3
1995	D.C.	0
1995	Delaware	2
1995	Florida	93
1995	Georgia	21
1995	Hawaii	0
1995	Iowa	49
1995	Idaho	8
1995	Illinois	59
1995	Indiana	12
1995	Kansas	73
1995	Kentucky	31
1995	Louisiana	50
1995	Massachusetts	1
1995	Maryland	25
1995	Maine	0
1995	Michigan	11
1995	Minnesota	32
1995	Missouri	35
1995	Mississippi	44
1995	Montana	15
1995	North Carolina	26
1995	North Dakota	13
1995	Nebraska	26
1995	New Hampshire	1
1995	New Jersey	5
1995	New Mexico	12
1995	Nevada	1
1995	New York	6
1995	Ohio	8
1995	Oklahoma	79
1995	Oregon	4
1995	Pennsylvania	6
1995	Puerto Rico	1
1995	Rhode Island	0
1995	South Carolina	52
1995	South Dakota	10
1995	Tennessee	36
1995	Texas	229
1995	Utah	2
1995	Virginia	10
1995	Vermont	0
1995	Washington	0
1995	Wisconsin	6
1995	West Virginia	0
1995	Wyoming	8
1996	Alabama	37
1996	Alaska	0
1996	Arkansas	33
1996	Arizona	9
1996	California	22
1996	Colorado	98
1996	Connecticut	2
1996	D.C.	0
1996	Delaware	0
1996	Florida	70
1996	Georgia	18
1996	Hawaii	0
1996	Iowa	22
1996	Idaho	4
1996	Illinois	71
1996	Indiana	33
1996	Kansas	73
1996	Kentucky	31
1996	Louisiana	20
1996	Massachusetts	0
1996	Maryland	22
1996	Maine	1
1996	Michigan	13
1996	Minnesota	34
1996	Missouri	29
1996	Mississippi	30
1996	Montana	8
1996	North Carolina	57
1996	North Dakota	25
1996	Nebraska	60
1996	New Hampshire	0
1996	New Jersey	2
1996	New Mexico	16
1996	Nevada	1
1996	New York	11
1996	Ohio	10
1996	Oklahoma	80
1996	Oregon	4
1996	Pennsylvania	32
1996	Puerto Rico	0
1996	Rhode Island	0
1996	South Carolina	24
1996	South Dakota	46
1996	Tennessee	19
1996	Texas	138
1996	Utah	3
1996	Virginia	26
1996	Vermont	0
1996	Washington	1
1996	Wisconsin	23
1996	West Virginia	3
1996	Wyoming	6
1997	Alabama	30
1997	Alaska	0
1997	Arkansas	47
1997	Arizona	5
1997	California	17
1997	Colorado	47
1997	Connecticut	0
1997	D.C.	0
1997	Delaware	0
1997	Florida	116
1997	Georgia	24
1997	Hawaii	0
1997	Iowa	26
1997	Idaho	6
1997	Illinois	35
1997	Indiana	15
1997	Kansas	65
1997	Kentucky	39
1997	Louisiana	20
1997	Massachusetts	8
1997	Maryland	4
1997	Maine	3
1997	Michigan	19
1997	Minnesota	50
1997	Missouri	12
1997	Mississippi	35
1997	Montana	9
1997	North Carolina	11
1997	North Dakota	31
1997	Nebraska	31
1997	New Hampshire	2
1997	New Jersey	2
1997	New Mexico	11
1997	Nevada	2
1997	New York	6
1997	Ohio	15
1997	Oklahoma	59
1997	Oregon	14
1997	Pennsylvania	14
1997	Puerto Rico	0
1997	Rhode Island	0
1997	South Carolina	18
1997	South Dakota	30
1997	Tennessee	38
1997	Texas	196
1997	Utah	1
1997	Virginia	11
1997	Vermont	0
1997	Washington	14
1997	Wisconsin	15
1997	West Virginia	1
1997	Wyoming	26
1998	Alabama	57
1998	Alaska	0
1998	Arkansas	39
1998	Arizona	2
1998	California	25
1998	Colorado	38
1998	Connecticut	4
1998	D.C.	0
1998	Delaware	1
1998	Florida	115
1998	Georgia	45
1998	Hawaii	0
1998	Iowa	78
1998	Idaho	7
1998	Illinois	105
1998	Indiana	41
1998	Kansas	72
1998	Kentucky	17
1998	Louisiana	26
1998	Massachusetts	0
1998	Maryland	12
1998	Maine	1
1998	Michigan	24
1998	Minnesota	65
1998	Missouri	24
1998	Mississippi	14
1998	Montana	11
1998	North Carolina	66
1998	North Dakota	28
1998	Nebraska	67
1998	New Hampshire	1
1998	New Jersey	3
1998	New Mexico	7
1998	Nevada	8
1998	New York	23
1998	Ohio	26
1998	Oklahoma	95
1998	Oregon	3
1998	Pennsylvania	62
1998	Puerto Rico	0
1998	Rhode Island	0
1998	South Carolina	44
1998	South Dakota	30
1998	Tennessee	39
1998	Texas	123
1998	Utah	7
1998	Virginia	15
1998	Vermont	1
1998	Washington	0
1998	Wisconsin	25
1998	West Virginia	17
1998	Wyoming	16
1999	Alabama	23
1999	Alaska	0
1999	Arkansas	140
1999	Arizona	5
1999	California	3
1999	Colorado	41
1999	Connecticut	0
1999	D.C.	0
1999	Delaware	0
1999	Florida	61
1999	Georgia	13
1999	Hawaii	0
1999	Iowa	73
1999	Idaho	1
1999	Illinois	76
1999	Indiana	12
1999	Kansas	68
1999	Kentucky	6
1999	Louisiana	72
1999	Massachusetts	0
1999	Maryland	3
1999	Maine	1
1999	Michigan	13
1999	Minnesota	40
1999	Missouri	47
1999	Mississippi	50
1999	Montana	22
1999	North Carolina	38
1999	North Dakota	65
1999	Nebraska	106
1999	New Hampshire	5
1999	New Jersey	2
1999	New Mexico	8
1999	Nevada	1
1999	New York	1
1999	Ohio	22
1999	Oklahoma	171
1999	Oregon	1
1999	Pennsylvania	9
1999	Puerto Rico	3
1999	Rhode Island	0
1999	South Carolina	18
1999	South Dakota	45
1999	Tennessee	25
1999	Texas	179
1999	Utah	3
1999	Virginia	13
1999	Vermont	0
1999	Washington	2
1999	Wisconsin	11
1999	West Virginia	1
1999	Wyoming	21
2000	Alabama	52
2000	Alaska	0
2000	Arkansas	42
2000	Arizona	0
2000	California	9
2000	Colorado	60
2000	Connecticut	1
2000	D.C.	0
2000	Delaware	0
2000	Florida	78
2000	Georgia	33
2000	Hawaii	0
2000	Iowa	51
2000	Idaho	14
2000	Illinois	58
2000	Indiana	15
2000	Kansas	70
2000	Kentucky	24
2000	Louisiana	50
2000	Massachusetts	1
2000	Maryland	10
2000	Maine	2
2000	Michigan	6
2000	Minnesota	33
2000	Missouri	28
2000	Mississippi	30
2000	Montana	10
2000	North Carolina	24
2000	North Dakota	36
2000	Nebraska	65
2000	New Hampshire	0
2000	New Jersey	0
2000	New Mexico	5
2000	Nevada	2
2000	New York	5
2000	Ohio	27
2000	Oklahoma	46
2000	Oregon	3
2000	Pennsylvania	6
2000	Puerto Rico	2
2000	Rhode Island	1
2000	South Carolina	21
2000	South Dakota	18
2000	Tennessee	27
2000	Texas	154
2000	Utah	5
2000	Virginia	12
2000	Vermont	0
2000	Washington	3
2000	Wisconsin	21
2000	West Virginia	4
2000	Wyoming	5
2001	Alabama	63
2001	Alaska	0
2001	Arkansas	52
2001	Arizona	4
2001	California	7
2001	Colorado	46
2001	Connecticut	4
2001	D.C.	1
2001	Delaware	0
2001	Florida	73
2001	Georgia	14
2001	Hawaii	0
2001	Iowa	112
2001	Idaho	2
2001	Illinois	21
2001	Indiana	31
2001	Kansas	110
2001	Kentucky	7
2001	Louisiana	36
2001	Massachusetts	2
2001	Maryland	12
2001	Maine	3
2001	Michigan	42
2001	Minnesota	79
2001	Missouri	42
2001	Mississippi	75
2001	Montana	11
2001	North Carolina	13
2001	North Dakota	50
2001	Nebraska	70
2001	New Hampshire	0
2001	New Jersey	2
2001	New Mexico	5
2001	Nevada	1
2001	New York	3
2001	Ohio	9
2001	Oklahoma	70
2001	Oregon	4
2001	Pennsylvania	14
2001	Puerto Rico	1
2001	Rhode Island	0
2001	South Carolina	14
2001	South Dakota	32
2001	Tennessee	14
2001	Texas	142
2001	Utah	5
2001	Virginia	18
2001	Vermont	0
2001	Washington	2
2001	Wisconsin	15
2001	West Virginia	1
2001	Wyoming	17
2002	Alabama	44
2002	Alaska	0
2002	Arkansas	39
2002	Arizona	0
2002	California	3
2002	Colorado	25
2002	Connecticut	5
2002	D.C.	0
2002	Delaware	0
2002	Florida	44
2002	Georgia	29
2002	Hawaii	1
2002	Iowa	32
2002	Idaho	3
2002	Illinois	40
2002	Indiana	25
2002	Kansas	104
2002	Kentucky	19
2002	Louisiana	37
2002	Massachusetts	1
2002	Maryland	15
2002	Maine	3
2002	Michigan	13
2002	Minnesota	37
2002	Missouri	30
2002	Mississippi	34
2002	Montana	12
2002	North Carolina	11
2002	North Dakota	18
2002	Nebraska	29
2002	New Hampshire	0
2002	New Jersey	0
2002	New Mexico	3
2002	Nevada	1
2002	New York	14
2002	Ohio	34
2002	Oklahoma	23
2002	Oregon	2
2002	Pennsylvania	18
2002	Puerto Rico	1
2002	Rhode Island	0
2002	South Carolina	14
2002	South Dakota	13
2002	Tennessee	31
2002	Texas	183
2002	Utah	4
2002	Virginia	8
2002	Vermont	2
2002	Washington	0
2002	Wisconsin	26
2002	West Virginia	1
2002	Wyoming	9
2003	Alabama	45
2003	Alaska	0
2003	Arkansas	89
2003	Arizona	9
2003	California	0
2003	Colorado	30
2003	Connecticut	0
2003	D.C.	0
2003	Delaware	0
2003	Florida	45
2003	Georgia	32
2003	Hawaii	1
2003	Iowa	31
2003	Idaho	4
2003	Illinois	136
2003	Indiana	27
2003	Kansas	93
2003	Kentucky	39
2003	Louisiana	25
2003	Massachusetts	0
2003	Maryland	9
2003	Maine	0
2003	Michigan	14
2003	Minnesota	54
2003	Missouri	109
2003	Mississippi	60
2003	Montana	6
2003	North Carolina	36
2003	North Dakota	32
2003	Nebraska	82
2003	New Hampshire	0
2003	New Jersey	7
2003	New Mexico	7
2003	Nevada	3
2003	New York	18
2003	Ohio	13
2003	Oklahoma	88
2003	Oregon	2
2003	Pennsylvania	9
2003	Puerto Rico	0
2003	Rhode Island	0
2003	South Carolina	20
2003	South Dakota	86
2003	Tennessee	47
2003	Texas	167
2003	Utah	2
2003	Virginia	32
2003	Vermont	2
2003	Washington	2
2003	Wisconsin	16
2003	West Virginia	2
2003	Wyoming	4
2004	Alabama	65
2004	Alaska	2
2004	Arkansas	58
2004	Arizona	3
2004	California	10
2004	Colorado	84
2004	Connecticut	0
2004	D.C.	0
2004	Delaware	2
2004	Florida	107
2004	Georgia	46
2004	Hawaii	3
2004	Iowa	124
2004	Idaho	5
2004	Illinois	87
2004	Indiana	53
2004	Kansas	125
2004	Kentucky	23
2004	Louisiana	30
2004	Massachusetts	2
2004	Maryland	21
2004	Maine	1
2004	Michigan	24
2004	Minnesota	61
2004	Missouri	80
2004	Mississippi	69
2004	Montana	7
2004	North Carolina	70
2004	North Dakota	50
2004	Nebraska	116
2004	New Hampshire	1
2004	New Jersey	2
2004	New Mexico	11
2004	Nevada	5
2004	New York	9
2004	Ohio	9
2004	Oklahoma	65
2004	Oregon	7
2004	Pennsylvania	26
2004	Puerto Rico	1
2004	Rhode Island	0
2004	South Carolina	89
2004	South Dakota	35
2004	Tennessee	18
2004	Texas	185
2004	Utah	0
2004	Virginia	94
2004	Vermont	0
2004	Washington	9
2004	Wisconsin	43
2004	West Virginia	4
2004	Wyoming	6
2005	Alabama	86
2005	Alaska	1
2005	Arkansas	69
2005	Arizona	9
2005	California	30
2005	Colorado	34
2005	Connecticut	0
2005	D.C.	0
2005	Delaware	0
2005	Florida	56
2005	Georgia	59
2005	Hawaii	2
2005	Iowa	51
2005	Idaho	6
2005	Illinois	22
2005	Indiana	21
2005	Kansas	140
2005	Kentucky	23
2005	Louisiana	26
2005	Massachusetts	1
2005	Maryland	0
2005	Maine	3
2005	Michigan	5
2005	Minnesota	76
2005	Missouri	40
2005	Mississippi	120
2005	Montana	11
2005	North Carolina	23
2005	North Dakota	57
2005	Nebraska	40
2005	New Hampshire	0
2005	New Jersey	0
2005	New Mexico	7
2005	Nevada	1
2005	New York	4
2005	Ohio	4
2005	Oklahoma	28
2005	Oregon	1
2005	Pennsylvania	11
2005	Puerto Rico	1
2005	Rhode Island	0
2005	South Carolina	14
2005	South Dakota	19
2005	Tennessee	24
2005	Texas	109
2005	Utah	4
2005	Virginia	24
2005	Vermont	0
2005	Washington	4
2005	Wisconsin	70
2005	West Virginia	0
2005	Wyoming	7
2006	Alabama	74
2006	Alaska	0
2006	Arkansas	35
2006	Arizona	6
2006	California	9
2006	Colorado	21
2006	Connecticut	1
2006	D.C.	0
2006	Delaware	0
2006	Florida	41
2006	Georgia	25
2006	Hawaii	2
2006	Iowa	40
2006	Idaho	10
2006	Illinois	144
2006	Indiana	28
2006	Kansas	100
2006	Kentucky	22
2006	Louisiana	46
2006	Massachusetts	1
2006	Maryland	3
2006	Maine	1
2006	Michigan	10
2006	Minnesota	31
2006	Missouri	143
2006	Mississippi	36
2006	Montana	1
2006	North Carolina	31
2006	North Dakota	25
2006	Nebraska	23
2006	New Hampshire	2
2006	New Jersey	1
2006	New Mexico	5
2006	Nevada	1
2006	New York	9
2006	Ohio	37
2006	Oklahoma	28
2006	Oregon	4
2006	Pennsylvania	8
2006	Puerto Rico	1
2006	Rhode Island	0
2006	South Carolina	40
2006	South Dakota	30
2006	Tennessee	32
2006	Texas	117
2006	Utah	2
2006	Virginia	18
2006	Vermont	0
2006	Washington	2
2006	Wisconsin	16
2006	West Virginia	0
2006	Wyoming	1
2007	Alabama	50
2007	Alaska	0
2007	Arkansas	22
2007	Arizona	0
2007	California	6
2007	Colorado	57
2007	Connecticut	2
2007	D.C.	0
2007	Delaware	0
2007	Florida	51
2007	Georgia	56
2007	Hawaii	0
2007	Iowa	51
2007	Idaho	3
2007	Illinois	23
2007	Indiana	21
2007	Kansas	165
2007	Kentucky	33
2007	Louisiana	27
2007	Massachusetts	1
2007	Maryland	2
2007	Maine	1
2007	Michigan	27
2007	Minnesota	18
2007	Missouri	45
2007	Mississippi	35
2007	Montana	5
2007	North Carolina	14
2007	North Dakota	45
2007	Nebraska	51
2007	New Hampshire	0
2007	New Jersey	0
2007	New Mexico	25
2007	Nevada	0
2007	New York	4
2007	Ohio	13
2007	Oklahoma	58
2007	Oregon	2
2007	Pennsylvania	7
2007	Puerto Rico	1
2007	Rhode Island	0
2007	South Carolina	19
2007	South Dakota	45
2007	Tennessee	10
2007	Texas	216
2007	Utah	1
2007	Virginia	2
2007	Vermont	0
2007	Washington	0
2007	Wisconsin	21
2007	West Virginia	1
2007	Wyoming	5
2008	Alabama	112
2008	Alaska	0
2008	Arkansas	110
2008	Arizona	3
2008	California	7
2008	Colorado	40
2008	Connecticut	0
2008	D.C.	0
2008	Delaware	0
2008	Florida	56
2008	Georgia	86
2008	Hawaii	2
2008	Iowa	115
2008	Idaho	2
2008	Illinois	55
2008	Indiana	37
2008	Kansas	218
2008	Kentucky	39
2008	Louisiana	82
2008	Massachusetts	1
2008	Maryland	8
2008	Maine	0
2008	Michigan	16
2008	Minnesota	49
2008	Missouri	108
2008	Mississippi	126
2008	Montana	2
2008	North Carolina	65
2008	North Dakota	35
2008	Nebraska	66
2008	New Hampshire	5
2008	New Jersey	0
2008	New Mexico	11
2008	Nevada	0
2008	New York	2
2008	Ohio	15
2008	Oklahoma	85
2008	Oregon	0
2008	Pennsylvania	5
2008	Puerto Rico	0
2008	Rhode Island	1
2008	South Carolina	64
2008	South Dakota	27
2008	Tennessee	56
2008	Texas	124
2008	Utah	0
2008	Virginia	47
2008	Vermont	2
2008	Washington	3
2008	Wisconsin	45
2008	West Virginia	3
2008	Wyoming	19
2009	Alabama	91
2009	Alaska	0
2009	Arkansas	59
2009	Arizona	4
2009	California	2
2009	Colorado	46
2009	Connecticut	3
2009	D.C.	0
2009	Delaware	0
2009	Florida	38
2009	Georgia	68
2009	Hawaii	1
2009	Iowa	26
2009	Idaho	2
2009	Illinois	61
2009	Indiana	11
2009	Kansas	107
2009	Kentucky	41
2009	Louisiana	82
2009	Massachusetts	0
2009	Maryland	10
2009	Maine	7
2009	Michigan	3
2009	Minnesota	25
2009	Missouri	50
2009	Mississippi	54
2009	Montana	4
2009	North Carolina	34
2009	North Dakota	31
2009	Nebraska	41
2009	New Hampshire	1
2009	New Jersey	1
2009	New Mexico	4
2009	Nevada	2
2009	New York	11
2009	Ohio	13
2009	Oklahoma	39
2009	Oregon	5
2009	Pennsylvania	8
2009	Puerto Rico	1
2009	Rhode Island	0
2009	South Carolina	19
2009	South Dakota	34
2009	Tennessee	46
2009	Texas	132
2009	Utah	4
2009	Virginia	17
2009	Vermont	2
2009	Washington	6
2009	Wisconsin	17
2009	West Virginia	0
2009	Wyoming	11
2010	Alabama	46
2010	Alaska	0
2010	Arkansas	47
2010	Arizona	12
2010	California	9
2010	Colorado	71
2010	Connecticut	6
2010	D.C.	0
2010	Delaware	0
2010	Florida	21
2010	Georgia	13
2010	Hawaii	0
2010	Iowa	34
2010	Idaho	2
2010	Illinois	53
2010	Indiana	31
2010	Kansas	88
2010	Kentucky	22
2010	Louisiana	25
2010	Massachusetts	0
2010	Maryland	5
2010	Maine	6
2010	Michigan	27
2010	Minnesota	126
2010	Missouri	70
2010	Mississippi	56
2010	Montana	10
2010	North Carolina	28
2010	North Dakota	66
2010	Nebraska	38
2010	New Hampshire	2
2010	New Jersey	1
2010	New Mexico	12
2010	Nevada	0
2010	New York	14
2010	Ohio	51
2010	Oklahoma	123
2010	Oregon	2
2010	Pennsylvania	20
2010	Puerto Rico	0
2010	Rhode Island	0
2010	South Carolina	25
2010	South Dakota	42
2010	Tennessee	39
2010	Texas	113
2010	Utah	2
2010	Virginia	10
2010	Vermont	2
2010	Washington	2
2010	Wisconsin	53
2010	West Virginia	2
2010	Wyoming	20
2011	Alabama	217
2011	Alaska	0
2011	Arkansas	104
2011	Arizona	3
2011	California	9
2011	Colorado	21
2011	Connecticut	1
2011	D.C.	0
2011	Delaware	1
2011	Florida	39
2011	Georgia	67
2011	Hawaii	1
2011	Iowa	54
2011	Idaho	2
2011	Illinois	78
2011	Indiana	85
2011	Kansas	74
2011	Kentucky	70
2011	Louisiana	71
2011	Massachusetts	5
2011	Maryland	29
2011	Maine	5
2011	Michigan	18
2011	Minnesota	38
2011	Missouri	93
2011	Mississippi	136
2011	Montana	9
2011	North Carolina	82
2011	North Dakota	62
2011	Nebraska	56
2011	New Hampshire	2
2011	New Jersey	2
2011	New Mexico	2
2011	Nevada	1
2011	New York	23
2011	Ohio	40
2011	Oklahoma	143
2011	Oregon	1
2011	Pennsylvania	32
2011	Puerto Rico	1
2011	Rhode Island	0
2011	South Carolina	20
2011	South Dakota	19
2011	Tennessee	125
2011	Texas	110
2011	Utah	1
2011	Virginia	60
2011	Vermont	1
2011	Washington	2
2011	Wisconsin	51
2011	West Virginia	1
2011	Wyoming	7
2012	Alabama	67
2012	Alaska	0
2012	Arkansas	23
2012	Arizona	1
2012	California	12
2012	Colorado	34
2012	Connecticut	0
2012	D.C.	0
2012	Delaware	1
2012	Florida	48
2012	Georgia	17
2012	Hawaii	1
2012	Iowa	18
2012	Idaho	2
2012	Illinois	37
2012	Indiana	21
2012	Kansas	110
2012	Kentucky	56
2012	Louisiana	49
2012	Massachusetts	1
2012	Maryland	16
2012	Maine	1
2012	Michigan	6
2012	Minnesota	39
2012	Missouri	37
2012	Mississippi	57
2012	Montana	2
2012	North Carolina	24
2012	North Dakota	9
2012	Nebraska	47
2012	New Hampshire	0
2012	New Jersey	1
2012	New Mexico	6
2012	Nevada	2
2012	New York	10
2012	Ohio	15
2012	Oklahoma	71
2012	Oregon	0
2012	Pennsylvania	12
2012	Puerto Rico	1
2012	Rhode Island	1
2012	South Carolina	11
2012	South Dakota	11
2012	Tennessee	33
2012	Texas	121
2012	Utah	1
2012	Virginia	11
2012	Vermont	1
2012	Washington	0
2012	Wisconsin	4
2012	West Virginia	4
2012	Wyoming	4
2013	Alabama	28
2013	Alaska	0
2013	Arkansas	41
2013	Arizona	1
2013	California	5
2013	Colorado	27
2013	Connecticut	4
2013	D.C.	0
2013	Delaware	1
2013	Florida	38
2013	Georgia	25
2013	Hawaii	0
2013	Iowa	31
2013	Idaho	6
2013	Illinois	71
2013	Indiana	52
2013	Kansas	58
2013	Kentucky	44
2013	Louisiana	40
2013	Massachusetts	2
2013	Maryland	10
2013	Maine	4
2013	Michigan	14
2013	Minnesota	18
2013	Missouri	52
2013	Mississippi	36
2013	Montana	6
2013	North Carolina	10
2013	North Dakota	16
2013	Nebraska	51
2013	New Hampshire	0
2013	New Jersey	3
2013	New Mexico	2
2013	Nevada	0
2013	New York	8
2013	Ohio	37
2013	Oklahoma	96
2013	Oregon	3
2013	Pennsylvania	9
2013	Puerto Rico	1
2013	Rhode Island	0
2013	South Carolina	10
2013	South Dakota	14
2013	Tennessee	54
2013	Texas	84
2013	Utah	1
2013	Virginia	5
2013	Vermont	0
2013	Washington	2
2013	Wisconsin	24
2013	West Virginia	0
2013	Wyoming	8
2014	Alabama	67
2014	Alaska	0
2014	Arkansas	25
2014	Arizona	3
2014	California	9
2014	Colorado	50
2014	Connecticut	1
2014	D.C.	0
2014	Delaware	1
2014	Florida	30
2014	Georgia	43
2014	Hawaii	0
2014	Iowa	110
2014	Idaho	3
2014	Illinois	56
2014	Indiana	31
2014	Kansas	41
2014	Kentucky	29
2014	Louisiana	17
2014	Massachusetts	3
2014	Maryland	3
2014	Maine	4
2014	Michigan	14
2014	Minnesota	28
2014	Missouri	51
2014	Mississippi	51
2014	Montana	8
2014	North Carolina	37
2014	North Dakota	15
2014	Nebraska	74
2014	New Hampshire	2
2014	New Jersey	0
2014	New Mexico	14
2014	Nevada	6
2014	New York	12
2014	Ohio	21
2014	Oklahoma	16
2014	Oregon	0
2014	Pennsylvania	10
2014	Puerto Rico	0
2014	Rhode Island	0
2014	South Carolina	7
2014	South Dakota	30
2014	Tennessee	20
2014	Texas	47
2014	Utah	0
2014	Virginia	14
2014	Vermont	0
2014	Washington	3
2014	Wisconsin	23
2014	West Virginia	10
2014	Wyoming	13
2015	Alabama	35
2015	Alaska	0
2015	Arkansas	21
2015	Arizona	5
2015	California	10
2015	Colorado	57
2015	Connecticut	0
2015	D.C.	0
2015	Delaware	1
2015	Florida	30
2015	Georgia	25
2015	Hawaii	1
2015	Iowa	72
2015	Idaho	1
2015	Illinois	83
2015	Indiana	24
2015	Kansas	141
2015	Kentucky	17
2015	Louisiana	29
2015	Massachusetts	2
2015	Maryland	6
2015	Maine	0
2015	Michigan	16
2015	Minnesota	40
2015	Missouri	51
2015	Mississippi	58
2015	Montana	3
2015	North Carolina	9
2015	North Dakota	32
2015	Nebraska	29
2015	New Hampshire	1
2015	New Jersey	0
2015	New Mexico	6
2015	Nevada	1
2015	New York	2
2015	Ohio	7
2015	Oklahoma	129
2015	Oregon	1
2015	Pennsylvania	12
2015	Puerto Rico	0
2015	Rhode Island	0
2015	South Carolina	8
2015	South Dakota	27
2015	Tennessee	26
2015	Texas	258
2015	Utah	2
2015	Virginia	7
2015	Vermont	0
2015	Washington	2
2015	Wisconsin	21
2015	West Virginia	3
2015	Wyoming	8
2016	Alabama	76
2016	Alaska	0
2016	Arkansas	28
2016	Arizona	1
2016	California	5
2016	Colorado	39
2016	Connecticut	1
2016	D.C.	0
2016	Delaware	0
2016	Florida	45
2016	Georgia	34
2016	Hawaii	0
2016	Iowa	48
2016	Idaho	2
2016	Illinois	48
2016	Indiana	43
2016	Kansas	114
2016	Kentucky	28
2016	Louisiana	27
2016	Massachusetts	1
2016	Maryland	3
2016	Maine	1
2016	Michigan	16
2016	Minnesota	43
2016	Missouri	20
2016	Mississippi	57
2016	Montana	6
2016	North Carolina	17
2016	North Dakota	23
2016	Nebraska	46
2016	New Hampshire	1
2016	New Jersey	2
2016	New Mexico	9
2016	Nevada	0
2016	New York	2
2016	Ohio	25
2016	Oklahoma	71
2016	Oregon	4
2016	Pennsylvania	9
2016	Puerto Rico	1
2016	Rhode Island	0
2016	South Carolina	5
2016	South Dakota	13
2016	Tennessee	12
2016	Texas	106
2016	Utah	3
2016	Virginia	14
2016	Vermont	0
2016	Washington	4
2016	Wisconsin	16
2016	West Virginia	8
2016	Wyoming	2
2017	Alabama	28
2017	Alaska	0
2017	Arkansas	14
2017	Arizona	0
2017	California	1
2017	Colorado	0
2017	Connecticut	0
2017	D.C.	1
2017	Delaware	0
2017	Florida	9
2017	Georgia	104
2017	Hawaii	0
2017	Iowa	18
2017	Idaho	0
2017	Illinois	37
2017	Indiana	13
2017	Kansas	12
2017	Kentucky	18
2017	Louisiana	52
2017	Massachusetts	2
2017	Maryland	1
2017	Maine	0
2017	Michigan	5
2017	Minnesota	3
2017	Missouri	60
2017	Mississippi	29
2017	Montana	0
2017	North Carolina	2
2017	North Dakota	0
2017	Nebraska	1
2017	New Hampshire	0
2017	New Jersey	0
2017	New Mexico	0
2017	Nevada	0
2017	New York	0
2017	Ohio	10
2017	Oklahoma	2
2017	Oregon	0
2017	Pennsylvania	3
2017	Puerto Rico	0
2017	Rhode Island	0
2017	South Carolina	13
2017	South Dakota	0
2017	Tennessee	18
2017	Texas	69
2017	Utah	0
2017	Virginia	5
2017	Vermont	0
2017	Washington	2
2017	Wisconsin	3
2017	West Virginia	1
2017	Wyoming	0